250,43311
500,79919
750,131507
1000,171461
1250,217898
1500,257142
1750,310582
2000,379084
2250,410929
2500,478469
2750,499205
3000,545541
3250,591077
3500,634168
3750,697556
4000,723755
4250,803825
4500,834302
4750,918711
5000,936844
5250,1.01511e+06
5500,1.03954e+06
5750,1.11806e+06
6000,1.18895e+06
6250,1.15947e+06
6500,1.2667e+06
6750,1.30358e+06
7000,1.36525e+06
7250,1.43537e+06
7500,1.45754e+06
7750,1.53729e+06
8000,1.61801e+06
8250,1.63542e+06
8500,1.7175e+06
8750,1.80817e+06
9000,1.74936e+06
9250,1.82748e+06
9500,2.01933e+06
9750,2.042e+06
10000,2.04369e+06
10250,2.11554e+06
10500,2.80131e+06
10750,2.20872e+06
11000,2.20332e+06
11250,2.33744e+06
11500,2.70649e+06
11750,3.34465e+06
12000,2.71142e+06
12250,2.57013e+06
12500,2.56333e+06
12750,2.71032e+06
13000,2.69375e+06
13250,2.85561e+06
13500,2.84528e+06
13750,2.88413e+06
14000,2.96013e+06
14250,3.58206e+06
14500,3.083e+06
14750,3.11352e+06
15000,3.11938e+06
15250,3.72213e+06
15500,4.12432e+06
15750,4.2554e+06
16000,3.50126e+06
16250,3.41458e+06
16500,3.47455e+06
16750,3.91301e+06
17000,3.7438e+06
17250,3.64257e+06
17500,4.73351e+06
17750,4.99455e+06
18000,3.91439e+06
18250,3.93764e+06
18500,4.31747e+06
18750,4.5175e+06
19000,4.16563e+06
19250,4.34316e+06
19500,5.47026e+06
19750,4.85975e+06
20000,5.86245e+06
20250,5.24897e+06
20500,5.70097e+06
20750,4.66052e+06
21000,4.73805e+06
21250,4.76281e+06
21500,5.83316e+06
21750,5.00897e+06
22000,4.69102e+06
22250,7.31889e+06
22500,4.97003e+06
22750,5.53038e+06
23000,4.96468e+06
23250,5.58997e+06
23500,6.20725e+06
23750,6.60476e+06
24000,6.32632e+06
24250,5.29484e+06
24500,5.75464e+06
24750,7.67435e+06
25000,6.92332e+06
25250,7.31802e+06
25500,7.92734e+06
25750,7.41854e+06
26000,6.29776e+06
26250,7.74282e+06
26500,7.593e+06
26750,6.91453e+06
27000,7.84007e+06
27250,6.46316e+06
27500,6.99577e+06
27750,6.84838e+06
28000,8.3365e+06
28250,7.20558e+06
28500,6.84741e+06
28750,6.46048e+06
29000,6.65393e+06
29250,7.61719e+06
29500,8.2113e+06
29750,8.7062e+06
30000,6.70544e+06
30250,7.07446e+06
30500,8.77918e+06
30750,7.66246e+06
31000,6.71579e+06
31250,7.94422e+06
31500,9.20153e+06
31750,8.78657e+06
32000,9.35923e+06
32250,7.08642e+06
32500,8.5817e+06
32750,7.94971e+06
33000,7.72832e+06
33250,7.36788e+06
33500,9.65556e+06
33750,8.57954e+06
34000,1.02074e+07
34250,9.43486e+06
34500,9.77787e+06
34750,1.0612e+07
35000,9.68427e+06
35250,7.9638e+06
35500,1.10279e+07
35750,9.01564e+06
36000,1.04693e+07
36250,1.06198e+07
36500,8.91368e+06
36750,1.00206e+07
37000,8.43425e+06
37250,8.73013e+06
37500,9.74681e+06
37750,1.1504e+07
38000,1.43824e+07
38250,9.46452e+06
38500,1.16289e+07
38750,1.20807e+07
39000,1.09612e+07
39250,1.10684e+07
39500,1.07561e+07
39750,1.21874e+07
40000,9.81392e+06
40250,9.2962e+06
40500,1.31855e+07
40750,1.14338e+07
41000,1.30183e+07
41250,1.25633e+07
41500,1.3942e+07
41750,1.01868e+07
42000,1.18097e+07
42250,1.1356e+07
42500,1.05654e+07
42750,1.37502e+07
43000,1.04965e+07
43250,1.23753e+07
43500,9.82498e+06
43750,1.1011e+07
44000,1.26341e+07
44250,1.32393e+07
44500,1.30044e+07
44750,1.26356e+07
45000,1.28237e+07
45250,1.41714e+07
45500,1.55525e+07
45750,1.37453e+07
46000,1.42998e+07
46250,1.71086e+07
46500,1.02986e+07
46750,1.06645e+07
47000,1.2816e+07
47250,1.47026e+07
47500,1.36299e+07
47750,1.29903e+07
48000,1.09405e+07
48250,1.39405e+07
48500,1.12294e+07
48750,1.09745e+07
49000,1.1139e+07
49250,1.53275e+07
49500,1.32576e+07
49750,1.18596e+07
50000,1.13832e+07
50250,1.32587e+07
50500,1.69814e+07
50750,1.71912e+07
51000,1.53512e+07
51250,1.28437e+07
51500,1.72606e+07
51750,1.19504e+07
52000,1.2155e+07
52250,1.36667e+07
52500,1.2024e+07
52750,1.60817e+07
53000,1.28595e+07
53250,1.37865e+07
53500,1.63905e+07
53750,1.58148e+07
54000,1.26435e+07
54250,1.869e+07
54500,1.26703e+07
54750,1.48027e+07
55000,1.62963e+07
55250,1.36011e+07
55500,1.58237e+07
55750,1.67229e+07
56000,1.46009e+07
56250,1.37413e+07
56500,1.46967e+07
56750,1.75287e+07
57000,1.94655e+07
57250,1.73495e+07
57500,1.93105e+07
57750,1.96379e+07
58000,1.99605e+07
58250,1.97299e+07
58500,1.614e+07
58750,1.5939e+07
59000,2.01808e+07
59250,2.05234e+07
59500,1.92588e+07
59750,1.88594e+07
60000,2.04779e+07
60250,1.94384e+07
60500,1.82728e+07
60750,1.99184e+07
61000,1.99784e+07
61250,2.19529e+07
61500,1.89219e+07
61750,2.06889e+07
62000,2.0226e+07
62250,1.79259e+07
62500,1.86251e+07
62750,2.00479e+07
63000,1.70946e+07
63250,2.08752e+07
63500,2.16354e+07
63750,2.17189e+07
64000,1.79029e+07
64250,1.67337e+07
64500,1.53983e+07
64750,1.76966e+07
65000,2.19705e+07
65250,1.85249e+07
65500,1.51312e+07
65750,1.57402e+07
66000,2.09936e+07
66250,1.70702e+07
66500,1.77815e+07
66750,1.88153e+07
67000,1.58461e+07
67250,2.05831e+07
67500,1.77253e+07
67750,2.33662e+07
68000,2.21284e+07
68250,2.02222e+07
68500,1.69177e+07
68750,1.62029e+07
69000,1.60538e+07
69250,1.60763e+07
69500,2.44512e+07
69750,1.64237e+07
70000,1.96985e+07
70250,1.94677e+07
70500,1.89574e+07
70750,2.06218e+07
71000,2.42231e+07
71250,1.99611e+07
71500,1.6908e+07
71750,2.09281e+07
72000,2.30482e+07
72250,2.53538e+07
72500,2.1183e+07
72750,1.802e+07
73000,2.51115e+07
73250,2.49305e+07
73500,1.85335e+07
73750,2.09904e+07
74000,1.75037e+07
74250,1.74975e+07
74500,1.71799e+07
74750,1.79174e+07
75000,2.22332e+07
75250,2.23283e+07
75500,1.82104e+07
75750,2.21782e+07
76000,1.77678e+07
76250,2.27218e+07
76500,1.80612e+07
76750,2.45507e+07
77000,2.78438e+07
77250,2.55143e+07
77500,2.70954e+07
77750,2.2679e+07
78000,2.64979e+07
78250,2.23325e+07
78500,2.61638e+07
78750,2.56283e+07
79000,2.74473e+07
79250,2.75447e+07
79500,2.75706e+07
79750,2.16377e+07
80000,1.93429e+07
80250,2.22133e+07
80500,2.67554e+07
80750,1.97456e+07
81000,1.95934e+07
81250,2.27229e+07
81500,1.98417e+07
81750,2.81482e+07
82000,2.45787e+07
82250,2.34952e+07
82500,2.52422e+07
82750,2.82996e+07
83000,2.16057e+07
83250,2.13856e+07
83500,1.94399e+07
83750,2.90375e+07
84000,2.86811e+07
84250,2.71755e+07
84500,2.24099e+07
84750,2.07569e+07
85000,1.97765e+07
85250,2.24717e+07
85500,2.37914e+07
85750,2.14402e+07
86000,2.08929e+07
86250,2.01698e+07
86500,2.47634e+07
86750,3.21899e+07
87000,2.97491e+07
87250,2.82807e+07
87500,2.24976e+07
87750,3.04104e+07
88000,2.32168e+07
88250,2.22058e+07
88500,2.56705e+07
88750,2.34818e+07
89000,2.12621e+07
89250,3.14663e+07
89500,3.07114e+07
89750,2.16178e+07
90000,2.2443e+07
90250,2.52199e+07
90500,2.55598e+07
90750,2.8806e+07
91000,3.05197e+07
91250,2.86794e+07
91500,3.16982e+07
91750,3.15214e+07
92000,2.58467e+07
92250,2.30238e+07
92500,2.4574e+07
92750,2.2038e+07
93000,2.53206e+07
93250,3.15974e+07
93500,2.23e+07
93750,2.8258e+07
94000,2.20423e+07
94250,2.82132e+07
94500,2.2787e+07
94750,2.25951e+07
95000,2.35331e+07
95250,2.39795e+07
95500,3.01791e+07
95750,2.88306e+07
96000,3.33424e+07
96250,2.50107e+07
96500,2.30682e+07
96750,2.75267e+07
97000,2.49719e+07
97250,3.33813e+07
97500,3.26869e+07
97750,2.65988e+07
98000,2.46743e+07
98250,3.05195e+07
98500,2.49018e+07
98750,2.77093e+07
99000,2.37626e+07
99250,2.85443e+07
99500,2.3393e+07
99750,3.38703e+07
100000,2.85256e+07
100250,3.59001e+07
100500,3.51578e+07
100750,3.3424e+07
101000,3.4933e+07
101250,3.41661e+07
101500,3.09075e+07
101750,3.48654e+07
102000,2.44859e+07
102250,2.44635e+07
102500,3.03744e+07
102750,3.56126e+07
103000,3.67352e+07
103250,2.51131e+07
103500,2.92564e+07
103750,2.5053e+07
104000,2.53022e+07
104250,2.50498e+07
104500,2.48375e+07
104750,3.54798e+07
105000,3.73931e+07
105250,2.59103e+07
105500,3.66637e+07
105750,3.6349e+07
106000,3.03307e+07
106250,3.10343e+07
106500,3.84003e+07
106750,3.68324e+07
107000,2.72097e+07
107250,3.31502e+07
107500,3.55831e+07
107750,3.65354e+07
108000,3.31752e+07
108250,3.07462e+07
108500,3.33967e+07
108750,3.70648e+07
109000,2.6793e+07
109250,2.58805e+07
109500,3.41843e+07
109750,3.39149e+07
110000,3.09901e+07
110250,3.56789e+07
110500,3.66327e+07
110750,3.6365e+07
111000,3.75446e+07
111250,3.96526e+07
111500,3.6034e+07
111750,3.46618e+07
112000,4.01854e+07
112250,2.70926e+07
112500,2.76236e+07
112750,3.63871e+07
113000,2.7881e+07
113250,2.7277e+07
113500,3.1052e+07
113750,3.99448e+07
114000,3.97766e+07
114250,3.96032e+07
114500,3.25063e+07
114750,3.58186e+07
115000,2.8322e+07
115250,3.41046e+07
115500,4.17913e+07
115750,3.61406e+07
116000,2.80076e+07
116250,4.01229e+07
116500,3.43142e+07
116750,3.53987e+07
117000,3.28758e+07
117250,2.84232e+07
117500,2.86748e+07
117750,4.17042e+07
118000,4.0726e+07
118250,3.50775e+07
118500,3.89792e+07
118750,3.26654e+07
119000,3.28209e+07
119250,3.86143e+07
119500,3.92206e+07
119750,4.08748e+07
120000,2.96302e+07
120250,3.69791e+07
120500,3.07252e+07
120750,4.09751e+07
121000,4.31919e+07
121250,4.41827e+07
121500,4.30816e+07
121750,3.80297e+07
122000,4.21657e+07
122250,4.25814e+07
122500,4.32546e+07
122750,3.81331e+07
123000,4.41151e+07
123250,4.48314e+07
123500,3.21229e+07
123750,3.57577e+07
124000,3.51821e+07
124250,3.39694e+07
124500,3.93046e+07
124750,3.39572e+07
125000,4.15557e+07
125250,3.52059e+07
125500,3.88217e+07
125750,3.5976e+07
126000,3.78933e+07
126250,3.87793e+07
126500,3.36223e+07
126750,3.80662e+07
127000,3.46546e+07
127250,3.74864e+07
127500,4.19601e+07
127750,4.12026e+07
128000,3.14405e+07
128250,3.22716e+07
128500,3.25206e+07
128750,4.11926e+07
129000,4.26399e+07
129250,4.3546e+07
129500,3.36195e+07
129750,4.26057e+07
130000,4.66473e+07
130250,3.72782e+07
130500,3.21848e+07
130750,3.20286e+07
131000,3.12457e+07
131250,3.96696e+07
131500,4.52868e+07
131750,4.68578e+07
132000,3.43803e+07
132250,4.5596e+07
132500,4.2272e+07
132750,4.47197e+07
133000,4.63934e+07
133250,4.67219e+07
133500,4.13155e+07
133750,4.68454e+07
134000,3.51586e+07
134250,3.49946e+07
134500,4.33559e+07
134750,4.84726e+07
135000,5.13823e+07
135250,4.34852e+07
135500,4.42585e+07
135750,3.78249e+07
136000,3.99315e+07
136250,4.42162e+07
136500,3.88036e+07
136750,3.80275e+07
137000,3.8045e+07
137250,4.55912e+07
137500,3.55327e+07
137750,4.91976e+07
138000,4.51535e+07
138250,4.21036e+07
138500,3.53391e+07
138750,4.71433e+07
139000,4.53024e+07
139250,4.7634e+07
139500,5.03934e+07
139750,4.81539e+07
140000,3.50901e+07
140250,3.49492e+07
140500,4.96827e+07
140750,4.26701e+07
141000,4.23826e+07
141250,4.8986e+07
141500,3.91865e+07
141750,4.94654e+07
142000,4.35955e+07
142250,5.04261e+07
142500,4.97404e+07
142750,4.82975e+07
143000,4.6619e+07
143250,4.68075e+07
143500,4.55243e+07
143750,4.7376e+07
144000,4.68093e+07
144250,4.86382e+07
144500,4.54181e+07
144750,4.59693e+07
145000,5.31515e+07
145250,4.64831e+07
145500,4.88903e+07
145750,4.89223e+07
146000,5.32888e+07
146250,5.10529e+07
146500,5.3782e+07
146750,3.74751e+07
147000,5.11273e+07
147250,5.33257e+07
147500,4.94147e+07
147750,4.89248e+07
148000,4.10471e+07
148250,5.09398e+07
148500,5.00244e+07
148750,4.30674e+07
149000,5.34222e+07
149250,5.06321e+07
149500,5.14173e+07
149750,4.32954e+07
150000,4.9364e+07
150250,4.69253e+07
150500,3.94697e+07
150750,3.65311e+07
151000,3.71492e+07
151250,3.88652e+07
151500,5.24583e+07
151750,3.59198e+07
152000,4.5231e+07
152250,3.80923e+07
152500,3.7839e+07
152750,3.86058e+07
153000,4.36175e+07
153250,5.02676e+07
153500,5.53671e+07
153750,4.99815e+07
154000,4.58604e+07
154250,5.62561e+07
154500,5.57706e+07
154750,5.24142e+07
155000,4.61931e+07
155250,5.8819e+07
155500,4.1719e+07
155750,3.94657e+07
156000,4.56727e+07
156250,4.09681e+07
156500,5.42096e+07
156750,4.61576e+07
157000,5.1824e+07
157250,5.71426e+07
157500,4.91098e+07
157750,4.88e+07
158000,3.91281e+07
158250,3.90681e+07
158500,4.43227e+07
158750,5.70363e+07
159000,4.25243e+07
159250,4.28168e+07
159500,5.08993e+07
159750,4.33457e+07
160000,4.0924e+07
160250,3.8901e+07
160500,3.9858e+07
160750,5.69115e+07
161000,5.25627e+07
161250,5.05496e+07
161500,5.84237e+07
161750,5.29761e+07
162000,4.9606e+07
162250,5.75144e+07
162500,4.71322e+07
162750,4.43183e+07
163000,5.97372e+07
163250,5.81551e+07
163500,5.33779e+07
163750,4.30965e+07
164000,5.81953e+07
164250,5.00914e+07
164500,4.69878e+07
164750,5.78789e+07
165000,5.62887e+07
165250,5.44838e+07
165500,5.47537e+07
165750,5.26471e+07
166000,5.24914e+07
166250,5.00486e+07
166500,5.85149e+07
166750,4.17124e+07
167000,4.71263e+07
167250,4.9736e+07
167500,4.63688e+07
167750,5.72416e+07
168000,5.78049e+07
168250,5.75501e+07
168500,6.10294e+07
168750,4.70479e+07
169000,5.71269e+07
169250,6.14061e+07
169500,5.96747e+07
169750,4.2615e+07
170000,4.6007e+07
170250,6.07181e+07
170500,4.72703e+07
170750,5.80377e+07
171000,6.01651e+07
171250,5.99737e+07
171500,6.23031e+07
171750,6.11464e+07
172000,6.35898e+07
172250,5.64695e+07
172500,4.47493e+07
172750,5.47062e+07
173000,6.17839e+07
173250,5.66789e+07
173500,5.51585e+07
173750,4.59522e+07
174000,4.85105e+07
174250,5.65331e+07
174500,6.29296e+07
174750,4.83493e+07
175000,5.47547e+07
175250,6.41504e+07
175500,4.70566e+07
175750,5.42023e+07
176000,6.01563e+07
176250,5.0698e+07
176500,5.4003e+07
176750,6.28606e+07
177000,5.07149e+07
177250,4.65549e+07
177500,4.50827e+07
177750,4.58677e+07
178000,6.50883e+07
178250,4.964e+07
178500,6.1969e+07
178750,5.08944e+07
179000,4.49828e+07
179250,5.44336e+07
179500,5.53076e+07
179750,5.33552e+07
180000,5.8886e+07
180250,5.20719e+07
180500,5.76248e+07
180750,5.21375e+07
181000,6.28997e+07
181250,6.5622e+07
181500,5.38531e+07
181750,6.55885e+07
182000,5.29498e+07
182250,5.05833e+07
182500,4.69031e+07
182750,4.90086e+07
183000,6.54113e+07
183250,5.33733e+07
183500,6.59868e+07
183750,4.58441e+07
184000,5.36008e+07
184250,5.13916e+07
184500,5.56881e+07
184750,4.68401e+07
185000,4.5846e+07
185250,4.65519e+07
185500,5.196e+07
185750,4.5922e+07
186000,5.11754e+07
186250,6.25525e+07
186500,5.99192e+07
186750,6.16149e+07
187000,6.30433e+07
187250,6.23579e+07
187500,6.68949e+07
187750,6.57221e+07
188000,6.48922e+07
188250,5.13771e+07
188500,6.20195e+07
188750,6.51088e+07
189000,5.88169e+07
189250,6.85302e+07
189500,6.73354e+07
189750,5.6613e+07
190000,6.50556e+07
190250,6.74368e+07
190500,6.14712e+07
190750,6.35852e+07
191000,6.85325e+07
191250,6.20889e+07
191500,6.29573e+07
191750,6.15314e+07
192000,5.27235e+07
192250,5.92328e+07
192500,6.10283e+07
192750,6.79824e+07
193000,6.79401e+07
193250,6.62096e+07
193500,6.50969e+07
193750,5.2039e+07
194000,5.7822e+07
194250,6.06931e+07
194500,5.56107e+07
194750,6.19994e+07
195000,6.13153e+07
195250,5.94831e+07
195500,6.28036e+07
195750,6.78982e+07
196000,6.30839e+07
196250,5.84551e+07
196500,6.90406e+07
196750,6.77645e+07
197000,7.38833e+07
197250,5.40314e+07
197500,6.8364e+07
197750,6.66057e+07
198000,5.75876e+07
198250,7.28911e+07
198500,6.06624e+07
198750,6.53454e+07
199000,5.48326e+07
199250,6.59943e+07
199500,6.63433e+07
199750,7.37353e+07
200000,5.222e+07
200250,6.17802e+07
200500,5.7147e+07
200750,5.8332e+07
201000,6.75986e+07
201250,5.18539e+07
201500,5.01941e+07
201750,5.60921e+07
202000,6.43298e+07
202250,6.45886e+07
202500,6.23176e+07
202750,6.74979e+07
203000,7.37216e+07
203250,7.00528e+07
203500,6.82484e+07
203750,7.35037e+07
204000,6.91831e+07
204250,5.96099e+07
204500,6.0823e+07
204750,7.08259e+07
205000,5.69594e+07
205250,6.97769e+07
205500,6.34846e+07
205750,5.9873e+07
206000,5.73338e+07
206250,7.14709e+07
206500,5.77289e+07
206750,6.80117e+07
207000,6.35522e+07
207250,6.53356e+07
207500,7.57138e+07
207750,6.64494e+07
208000,5.38848e+07
208250,5.82158e+07
208500,6.35602e+07
208750,7.04393e+07
209000,7.04728e+07
209250,7.16361e+07
209500,7.39114e+07
209750,5.71575e+07
210000,5.47115e+07
210250,5.81875e+07
210500,6.82096e+07
210750,6.67937e+07
211000,6.739e+07
211250,5.47911e+07
211500,6.40231e+07
211750,6.2501e+07
212000,7.2161e+07
212250,6.84472e+07
212500,7.3617e+07
212750,6.27789e+07
213000,6.81892e+07
213250,6.35631e+07
213500,6.75803e+07
213750,5.32569e+07
214000,7.30071e+07
214250,6.67937e+07
214500,6.74985e+07
214750,7.30225e+07
215000,6.67585e+07
215250,6.2666e+07
215500,7.38986e+07
215750,7.87391e+07
216000,6.72082e+07
216250,7.94664e+07
216500,8.18409e+07
216750,6.51898e+07
217000,6.37238e+07
217250,7.03171e+07
217500,6.3043e+07
217750,7.0554e+07
218000,7.4149e+07
218250,6.91348e+07
218500,7.97225e+07
218750,7.85833e+07
219000,7.50451e+07
219250,5.99946e+07
219500,7.48932e+07
219750,6.59488e+07
220000,6.5098e+07
220250,6.89391e+07
220500,7.82566e+07
220750,7.40883e+07
221000,7.60556e+07
221250,6.94552e+07
221500,8.40669e+07
221750,8.0674e+07
222000,5.99731e+07
222250,7.49766e+07
222500,5.60884e+07
222750,7.59822e+07
223000,8.16736e+07
223250,7.34405e+07
223500,6.74455e+07
223750,7.41061e+07
224000,7.35254e+07
224250,7.23925e+07
224500,7.18527e+07
224750,7.8181e+07
225000,7.63269e+07
225250,8.00352e+07
225500,8.36317e+07
225750,7.74275e+07
226000,7.38824e+07
226250,8.22725e+07
226500,7.93767e+07
226750,6.79579e+07
227000,7.70076e+07
227250,7.76313e+07
227500,5.83957e+07
227750,6.32609e+07
228000,6.28583e+07
228250,7.25004e+07
228500,7.56435e+07
228750,7.642e+07
229000,7.60585e+07
229250,7.66301e+07
229500,5.67037e+07
229750,6.1084e+07
230000,7.53841e+07
230250,5.89433e+07
230500,6.62633e+07
230750,5.79871e+07
231000,7.40026e+07
231250,7.51828e+07
231500,8.39667e+07
231750,7.90976e+07
232000,6.8815e+07
232250,5.89975e+07
232500,8.3762e+07
232750,6.62577e+07
233000,7.94524e+07
233250,8.09249e+07
233500,6.27321e+07
233750,7.57958e+07
234000,6.57975e+07
234250,8.26801e+07
234500,7.53455e+07
234750,6.85176e+07
235000,7.87357e+07
235250,7.98748e+07
235500,7.74192e+07
235750,6.21226e+07
236000,6.5015e+07
236250,7.12247e+07
236500,7.02182e+07
236750,6.71413e+07
237000,6.2024e+07
237250,7.08372e+07
237500,8.46188e+07
237750,7.16257e+07
238000,6.25549e+07
238250,8.23227e+07
238500,7.45147e+07
238750,7.86593e+07
239000,8.2288e+07
239250,7.01428e+07
239500,7.4236e+07
239750,8.18999e+07
240000,7.87436e+07
240250,6.36192e+07
240500,8.08089e+07
240750,7.2177e+07
241000,7.53415e+07
241250,7.01162e+07
241500,6.07803e+07
241750,8.75157e+07
242000,7.52113e+07
242250,6.82434e+07
242500,8.0632e+07
242750,7.22787e+07
243000,8.39783e+07
243250,7.83054e+07
243500,6.36737e+07
243750,6.30288e+07
244000,8.14178e+07
244250,8.27867e+07
244500,8.07968e+07
244750,8.67328e+07
245000,8.98548e+07
245250,8.28726e+07
245500,7.49463e+07
245750,7.60825e+07
246000,7.98646e+07
246250,7.42205e+07
246500,7.88194e+07
246750,8.23775e+07
247000,8.2535e+07
247250,8.10847e+07
247500,9.03544e+07
247750,8.77793e+07
248000,7.87465e+07
248250,6.69287e+07
248500,7.89439e+07
248750,7.38019e+07
249000,8.71526e+07
249250,7.25499e+07
249500,8.08642e+07
249750,7.97918e+07
250000,7.23364e+07
250250,8.85769e+07
250500,8.93003e+07
250750,8.33298e+07
251000,7.83535e+07
251250,6.67726e+07
251500,6.89859e+07
251750,7.11773e+07
252000,8.80263e+07
252250,8.45718e+07
252500,7.445e+07
252750,7.73769e+07
253000,7.98897e+07
253250,8.04323e+07
253500,9.09733e+07
253750,7.69646e+07
254000,7.61953e+07
254250,8.76813e+07
254500,8.72395e+07
254750,9.02469e+07
255000,8.88933e+07
255250,9.54521e+07
255500,8.57778e+07
255750,9.7388e+07
256000,9.57339e+07
256250,9.65767e+07
256500,9.30012e+07
256750,8.72154e+07
257000,6.8053e+07
257250,7.96777e+07
257500,8.40124e+07
257750,6.96811e+07
258000,8.18479e+07
258250,9.0791e+07
258500,7.57564e+07
258750,9.37683e+07
259000,9.31263e+07
259250,8.23768e+07
259500,8.65608e+07
259750,6.97108e+07
260000,7.15056e+07
260250,9.28771e+07
260500,8.37062e+07
260750,9.92368e+07
261000,9.59119e+07
261250,9.55357e+07
261500,9.73891e+07
261750,9.55184e+07
262000,9.61742e+07
262250,9.28606e+07
262500,9.77553e+07
262750,8.53597e+07
263000,8.85548e+07
263250,7.6116e+07
263500,7.21098e+07
263750,7.72544e+07
264000,9.03529e+07
264250,6.71087e+07
264500,9.36685e+07
264750,8.09738e+07
265000,7.22701e+07
265250,7.5928e+07
265500,6.76964e+07
265750,6.87689e+07
266000,7.53218e+07
266250,8.01049e+07
266500,8.01436e+07
266750,1.00788e+08
267000,8.26023e+07
267250,9.8657e+07
267500,7.20431e+07
267750,7.95802e+07
268000,8.40707e+07
268250,6.75451e+07
268500,6.75805e+07
268750,7.65282e+07
269000,6.80301e+07
269250,8.22567e+07
269500,9.37342e+07
269750,1.00086e+08
270000,8.69981e+07
270250,8.65309e+07
270500,6.80464e+07
270750,9.41252e+07
271000,1.01214e+08
271250,6.90329e+07
271500,8.82132e+07
271750,7.34933e+07
272000,7.78881e+07
272250,1.02106e+08
272500,7.31712e+07
272750,9.26685e+07
273000,9.85688e+07
273250,9.74299e+07
273500,1.0307e+08
273750,9.86185e+07
274000,9.82852e+07
274250,9.03815e+07
274500,8.69096e+07
274750,8.99308e+07
275000,8.98451e+07
275250,8.08159e+07
275500,9.8108e+07
275750,8.96675e+07
276000,8.6991e+07
276250,7.73826e+07
276500,7.16497e+07
276750,7.72252e+07
277000,7.37733e+07
277250,9.88242e+07
277500,1.01728e+08
277750,7.96048e+07
278000,7.78096e+07
278250,8.55394e+07
278500,8.18399e+07
278750,8.1195e+07
279000,8.09405e+07
279250,9.22268e+07
279500,8.86607e+07
279750,7.50514e+07
280000,9.66415e+07
280250,7.41593e+07
280500,8.59457e+07
280750,8.13202e+07
281000,9.5276e+07
281250,1.00556e+08
281500,9.42956e+07
281750,8.18679e+07
282000,7.11872e+07
282250,8.75959e+07
282500,8.88631e+07
282750,7.7353e+07
283000,7.36417e+07
283250,7.55436e+07
283500,7.10621e+07
283750,7.60842e+07
284000,7.53574e+07
284250,7.52607e+07
284500,7.01993e+07
284750,8.29729e+07
285000,1.03601e+08
285250,1.0373e+08
285500,7.2751e+07
285750,7.78697e+07
286000,9.31986e+07
286250,8.32103e+07
286500,8.62602e+07
286750,7.59204e+07
287000,9.79548e+07
287250,9.71726e+07
287500,7.35275e+07
287750,7.28511e+07
288000,9.33086e+07
288250,7.29422e+07
288500,7.37675e+07
288750,9.90848e+07
289000,8.71712e+07
289250,9.76275e+07
289500,8.24717e+07
289750,7.27756e+07
290000,7.28157e+07
290250,9.14905e+07
290500,8.78072e+07
290750,7.23476e+07
291000,9.24218e+07
291250,1.00658e+08
291500,1.00733e+08
291750,9.63374e+07
292000,1.08526e+08
292250,1.07096e+08
292500,1.09675e+08
292750,7.57473e+07
293000,8.33043e+07
293250,8.3113e+07
293500,8.61259e+07
293750,7.46737e+07
294000,7.40588e+07
294250,8.03461e+07
294500,9.07574e+07
294750,1.08085e+08
295000,1.09362e+08
295250,1.13487e+08
295500,9.43145e+07
295750,7.932e+07
296000,1.1073e+08
296250,1.07191e+08
296500,9.63561e+07
296750,8.50542e+07
297000,9.22951e+07
297250,9.13851e+07
297500,1.01983e+08
297750,9.94382e+07
298000,8.06904e+07
298250,8.60377e+07
298500,1.00673e+08
298750,9.80542e+07
299000,1.05799e+08
299250,8.7158e+07
299500,9.41223e+07
299750,1.01426e+08
300000,8.37141e+07
300250,9.66518e+07
300500,8.64338e+07
300750,8.91773e+07
301000,1.07408e+08
301250,1.05355e+08
301500,1.08997e+08
301750,7.64103e+07
302000,7.7824e+07
302250,9.57012e+07
302500,9.99253e+07
302750,8.90072e+07
303000,8.90433e+07
303250,9.48364e+07
303500,9.47417e+07
303750,9.35856e+07
304000,8.09916e+07
304250,1.11844e+08
304500,1.02748e+08
304750,7.8596e+07
305000,1.1652e+08
305250,9.26437e+07
305500,1.00224e+08
305750,1.1198e+08
306000,9.99296e+07
306250,9.13464e+07
306500,8.73475e+07
306750,8.15414e+07
307000,9.60446e+07
307250,1.13823e+08
307500,1.06181e+08
307750,7.98939e+07
308000,1.15092e+08
308250,1.10298e+08
308500,7.89905e+07
308750,7.82558e+07
309000,7.81531e+07
309250,1.04657e+08
309500,1.00344e+08
309750,1.12103e+08
310000,9.91432e+07
310250,9.62214e+07
310500,8.69081e+07
310750,1.07214e+08
311000,1.15751e+08
311250,1.15145e+08
311500,1.14607e+08
311750,1.15427e+08
312000,9.88132e+07
312250,1.0102e+08
312500,9.79483e+07
312750,7.89273e+07
313000,7.89744e+07
313250,7.94711e+07
313500,7.76309e+07
313750,7.95477e+07
314000,1.11781e+08
314250,7.85887e+07
314500,8.92446e+07
314750,8.32974e+07
315000,8.11342e+07
315250,9.99299e+07
315500,7.72779e+07
315750,9.20341e+07
316000,1.01093e+08
316250,8.12564e+07
316500,9.20571e+07
316750,1.08243e+08
317000,1.09158e+08
317250,1.0998e+08
317500,1.08451e+08
317750,8.87651e+07
318000,7.97281e+07
318250,7.98483e+07
318500,9.21742e+07
318750,9.09523e+07
319000,1.14054e+08
319250,8.28458e+07
319500,8.20465e+07
319750,8.78327e+07
320000,1.10538e+08
320250,8.05864e+07
320500,8.27512e+07
320750,8.42476e+07
321000,1.00353e+08
321250,1.1777e+08
321500,1.14601e+08
321750,1.16098e+08
322000,9.54616e+07
322250,8.20996e+07
322500,8.00723e+07
322750,9.29648e+07
323000,1.02941e+08
323250,8.2159e+07
323500,9.4447e+07
323750,8.17982e+07
324000,8.29549e+07
324250,8.19268e+07
324500,8.02519e+07
324750,8.10435e+07
325000,8.33428e+07
325250,9.95856e+07
325500,8.88417e+07
325750,8.24349e+07
326000,8.16391e+07
326250,8.31583e+07
326500,8.33035e+07
326750,8.54375e+07
327000,7.98861e+07
327250,9.56763e+07
327500,1.11288e+08
327750,1.03408e+08
328000,1.07071e+08
328250,9.47307e+07
328500,8.29362e+07
328750,8.37843e+07
329000,8.12009e+07
329250,8.28451e+07
329500,1.10568e+08
329750,1.18669e+08
330000,1.24059e+08
330250,1.13112e+08
330500,1.11528e+08
330750,9.10527e+07
331000,1.05281e+08
331250,1.21851e+08
331500,1.20132e+08
331750,1.10625e+08
332000,8.91561e+07
332250,1.12825e+08
332500,8.43095e+07
332750,1.01187e+08
333000,9.7672e+07
333250,9.50121e+07
333500,9.61324e+07
333750,1.23667e+08
334000,8.32904e+07
334250,8.58034e+07
334500,9.74103e+07
334750,9.69999e+07
335000,1.0855e+08
335250,8.62879e+07
335500,1.15002e+08
335750,1.06693e+08
336000,1.15121e+08
336250,1.13677e+08
336500,8.67127e+07
336750,8.6728e+07
337000,8.96778e+07
337250,1.20066e+08
337500,1.23666e+08
337750,8.70872e+07
338000,9.16141e+07
338250,1.23123e+08
338500,9.04825e+07
338750,8.89487e+07
339000,8.98722e+07
339250,8.66556e+07
339500,1.04855e+08
339750,1.15557e+08
340000,1.22011e+08
340250,1.10472e+08
340500,9.54147e+07
340750,1.05605e+08
341000,9.97764e+07
341250,1.00032e+08
341500,9.01549e+07
341750,1.12478e+08
342000,1.11061e+08
342250,9.835e+07
342500,1.0039e+08
342750,1.21516e+08
343000,1.14845e+08
343250,1.19974e+08
343500,1.05859e+08
343750,1.1561e+08
344000,1.2545e+08
344250,1.25872e+08
344500,1.08028e+08
344750,1.14759e+08
345000,1.27114e+08
345250,1.2415e+08
345500,1.18923e+08
345750,1.2136e+08
346000,9.92124e+07
346250,1.29153e+08
346500,1.33305e+08
346750,1.30425e+08
347000,1.14716e+08
347250,1.03478e+08
347500,1.13806e+08
347750,1.07201e+08
348000,1.23594e+08
348250,1.20274e+08
348500,1.04197e+08
348750,1.20183e+08
349000,1.32351e+08
349250,1.34185e+08
349500,1.3254e+08
349750,9.64697e+07
350000,9.04038e+07
350250,1.07681e+08
350500,1.07823e+08
350750,1.21711e+08
351000,1.04986e+08
351250,1.10768e+08
351500,8.81021e+07
351750,9.05782e+07
352000,1.0116e+08
352250,1.26327e+08
352500,1.3278e+08
352750,1.199e+08
353000,1.24107e+08
353250,1.21425e+08
353500,1.16265e+08
353750,1.18211e+08
354000,1.2889e+08
354250,1.20859e+08
354500,1.29559e+08
354750,1.28859e+08
355000,1.31099e+08
355250,1.30035e+08
355500,1.03622e+08
355750,1.05101e+08
356000,1.04655e+08
356250,9.9281e+07
356500,1.26769e+08
356750,1.32068e+08
357000,1.13716e+08
357250,1.24081e+08
357500,1.17535e+08
357750,1.2291e+08
358000,1.0478e+08
358250,1.09952e+08
358500,1.02981e+08
358750,1.17997e+08
359000,9.15361e+07
359250,1.1799e+08
359500,1.18422e+08
359750,1.32479e+08
360000,1.23294e+08
360250,1.10538e+08
360500,1.02458e+08
360750,9.77839e+07
361000,1.0652e+08
361250,1.24384e+08
361500,1.16895e+08
361750,1.09853e+08
362000,1.21387e+08
362250,1.21854e+08
362500,9.54909e+07
362750,9.61062e+07
363000,9.24381e+07
363250,1.32508e+08
363500,1.27003e+08
363750,1.28427e+08
364000,1.24879e+08
364250,1.07265e+08
364500,1.10136e+08
364750,1.08121e+08
365000,1.3154e+08
365250,1.26386e+08
365500,1.27412e+08
365750,1.23222e+08
366000,1.22361e+08
366250,1.05444e+08
366500,1.19677e+08
366750,1.37294e+08
367000,1.28724e+08
367250,1.31195e+08
367500,1.10721e+08
367750,1.20791e+08
368000,9.7917e+07
368250,1.33526e+08
368500,9.40788e+07
368750,1.10727e+08
369000,9.34446e+07
369250,1.08188e+08
369500,1.12037e+08
369750,9.94166e+07
370000,9.79821e+07
370250,1.00218e+08
370500,1.17416e+08
370750,1.29448e+08
371000,1.27985e+08
371250,1.29783e+08
371500,1.15873e+08
371750,1.28715e+08
372000,1.28154e+08
372250,1.2549e+08
372500,1.2201e+08
372750,1.13424e+08
373000,1.3628e+08
373250,1.35443e+08
373500,1.3585e+08
373750,1.37181e+08
374000,1.22476e+08
374250,1.12779e+08
374500,1.38055e+08
374750,1.36584e+08
375000,1.36978e+08
375250,1.3799e+08
375500,1.24767e+08
375750,1.05104e+08
376000,1.12502e+08
376250,1.14703e+08
376500,1.34936e+08
376750,1.33855e+08
377000,1.15786e+08
377250,1.23323e+08
377500,1.12723e+08
377750,9.92994e+07
378000,1.1547e+08
378250,1.27657e+08
378500,1.24923e+08
378750,1.06052e+08
379000,1.45496e+08
379250,1.38794e+08
379500,1.30803e+08
379750,1.17557e+08
380000,1.31079e+08
380250,1.31211e+08
380500,1.37624e+08
380750,1.34945e+08
381000,1.25733e+08
381250,1.30126e+08
381500,1.1555e+08
381750,1.1351e+08
382000,1.30588e+08
382250,1.06536e+08
382500,1.31479e+08
382750,1.25593e+08
383000,1.20806e+08
383250,1.36722e+08
383500,1.14103e+08
383750,1.39894e+08
384000,1.26204e+08
384250,1.169e+08
384500,1.14277e+08
384750,1.24068e+08
385000,1.27901e+08
385250,1.17065e+08
385500,1.05132e+08
385750,1.10274e+08
386000,1.23189e+08
386250,1.41085e+08
386500,1.46447e+08
386750,1.41769e+08
387000,1.34135e+08
387250,9.90452e+07
387500,1.00674e+08
387750,9.91734e+07
388000,1.10248e+08
388250,1.32901e+08
388500,1.24823e+08
388750,1.30177e+08
389000,1.2419e+08
389250,1.33362e+08
389500,1.45729e+08
389750,1.5067e+08
390000,1.18244e+08
390250,1.22295e+08
390500,1.29209e+08
390750,1.24152e+08
391000,1.27773e+08
391250,1.07051e+08
391500,1.04911e+08
391750,1.2792e+08
392000,1.31163e+08
392250,1.05359e+08
392500,1.19043e+08
392750,1.09983e+08
393000,1.15922e+08
393250,1.19324e+08
393500,1.05932e+08
393750,1.1637e+08
394000,1.49226e+08
394250,1.47974e+08
394500,1.38448e+08
394750,1.49116e+08
395000,1.39969e+08
395250,1.44374e+08
395500,1.27195e+08
395750,1.26685e+08
396000,1.29095e+08
396250,1.05552e+08
396500,1.37742e+08
396750,1.39582e+08
397000,1.51403e+08
397250,1.50263e+08
397500,1.5001e+08
397750,1.25621e+08
398000,1.5198e+08
398250,1.26978e+08
398500,1.46564e+08
398750,1.47441e+08
399000,1.30328e+08
399250,1.05792e+08
399500,1.31376e+08
399750,1.37025e+08
400000,1.02795e+08
400250,1.46842e+08
400500,1.41394e+08
400750,1.36927e+08
401000,1.50313e+08
401250,1.03571e+08
401500,1.24105e+08
401750,1.15889e+08
402000,1.13818e+08
402250,1.24485e+08
402500,1.15072e+08
402750,1.3781e+08
403000,1.40911e+08
403250,1.39986e+08
403500,1.45765e+08
403750,1.24914e+08
404000,1.39899e+08
404250,1.37307e+08
404500,1.31722e+08
404750,1.56508e+08
405000,1.36116e+08
405250,1.44605e+08
405500,1.29957e+08
405750,1.08504e+08
406000,1.46787e+08
406250,1.26859e+08
406500,1.34825e+08
406750,1.42251e+08
407000,1.4475e+08
407250,1.359e+08
407500,1.40076e+08
407750,1.43887e+08
408000,1.43095e+08
408250,1.44704e+08
408500,1.34967e+08
408750,1.42092e+08
409000,1.43654e+08
409250,1.42595e+08
409500,1.37408e+08
409750,1.05427e+08
410000,1.20652e+08
410250,1.16705e+08
410500,1.10828e+08
410750,1.08243e+08
411000,1.39904e+08
411250,1.07181e+08
411500,1.29734e+08
411750,1.40138e+08
412000,1.39742e+08
412250,1.25709e+08
412500,1.13305e+08
412750,1.15283e+08
413000,1.45787e+08
413250,1.46484e+08
413500,1.46193e+08
413750,1.43315e+08
414000,1.45456e+08
414250,1.46652e+08
414500,1.07926e+08
414750,1.37488e+08
415000,1.57375e+08
415250,1.54674e+08
415500,1.52984e+08
415750,1.30331e+08
416000,1.04644e+08
416250,1.20014e+08
416500,1.43686e+08
416750,1.4705e+08
417000,1.58659e+08
417250,1.21071e+08
417500,1.49088e+08
417750,1.40845e+08
418000,1.44334e+08
418250,1.20249e+08
418500,1.07496e+08
418750,1.08137e+08
419000,1.07952e+08
419250,1.49553e+08
419500,1.40214e+08
419750,1.34064e+08
420000,1.44712e+08
420250,1.4731e+08
420500,1.20129e+08
420750,1.0745e+08
421000,1.05135e+08
421250,1.09068e+08
421500,1.07974e+08
421750,1.16634e+08
422000,1.36434e+08
422250,1.34455e+08
422500,1.37925e+08
422750,1.44314e+08
423000,1.21059e+08
423250,1.11776e+08
423500,1.08443e+08
423750,1.09268e+08
424000,1.3005e+08
424250,1.53335e+08
424500,1.09162e+08
424750,1.42598e+08
425000,1.13293e+08
425250,1.53473e+08
425500,1.10338e+08
425750,1.10372e+08
426000,1.54965e+08
426250,1.61403e+08
426500,1.61828e+08
426750,1.41815e+08
427000,1.08377e+08
427250,1.415e+08
427500,1.37649e+08
427750,1.45201e+08
428000,1.64501e+08
428250,1.65041e+08
428500,1.50747e+08
428750,1.55055e+08
429000,1.13038e+08
429250,1.13963e+08
429500,1.48358e+08
429750,1.38913e+08
430000,1.47959e+08
430250,1.60581e+08
430500,1.62939e+08
430750,1.63009e+08
431000,1.63336e+08
431250,1.09556e+08
431500,1.2487e+08
431750,1.0971e+08
432000,1.43672e+08
432250,1.2045e+08
432500,1.10546e+08
432750,1.39244e+08
433000,1.32026e+08
433250,1.51827e+08
433500,1.43329e+08
433750,1.51458e+08
434000,1.48579e+08
434250,1.65831e+08
434500,1.49848e+08
434750,1.55278e+08
435000,1.16703e+08
435250,1.44876e+08
435500,1.21869e+08
435750,1.12734e+08
436000,1.51059e+08
436250,1.55047e+08
436500,1.42427e+08
436750,1.28631e+08
437000,1.27115e+08
437250,1.66265e+08
437500,1.64591e+08
437750,1.62697e+08
438000,1.21581e+08
438250,1.18744e+08
438500,1.1205e+08
438750,1.12836e+08
439000,1.50982e+08
439250,1.66034e+08
439500,1.6451e+08
439750,1.67132e+08
440000,1.4041e+08
440250,1.25667e+08
440500,1.54646e+08
440750,1.6386e+08
441000,1.61314e+08
441250,1.35242e+08
441500,1.39164e+08
441750,1.26759e+08
442000,1.47406e+08
442250,1.55923e+08
442500,1.37505e+08
442750,1.12742e+08
443000,1.30719e+08
443250,1.41938e+08
443500,1.39901e+08
443750,1.43446e+08
444000,1.15107e+08
444250,1.14177e+08
444500,1.13557e+08
444750,1.14648e+08
445000,1.13443e+08
445250,1.18116e+08
445500,1.19965e+08
445750,1.14438e+08
446000,1.68038e+08
446250,1.16439e+08
446500,1.12697e+08
446750,1.13334e+08
447000,1.43329e+08
447250,1.27936e+08
447500,1.48962e+08
447750,1.46427e+08
448000,1.55521e+08
448250,1.56279e+08
448500,1.58587e+08
448750,1.53554e+08
449000,1.54476e+08
449250,1.40421e+08
449500,1.68179e+08
449750,1.17328e+08
450000,1.36045e+08
450250,1.6051e+08
450500,1.31808e+08
450750,1.53396e+08
451000,1.71194e+08
451250,1.68814e+08
451500,1.30195e+08
451750,1.17435e+08
452000,1.1609e+08
452250,1.45893e+08
452500,1.59229e+08
452750,1.32039e+08
453000,1.5819e+08
453250,1.58712e+08
453500,1.65328e+08
453750,1.63573e+08
454000,1.76949e+08
454250,1.75258e+08
454500,1.76309e+08
454750,1.66651e+08
455000,1.39966e+08
455250,1.1652e+08
455500,1.52018e+08
455750,1.61293e+08
456000,1.61503e+08
456250,1.58352e+08
456500,1.60082e+08
456750,1.42676e+08
457000,1.46139e+08
457250,1.58603e+08
457500,1.57488e+08
457750,1.4241e+08
458000,1.474e+08
458250,1.61544e+08
458500,1.33577e+08
458750,1.64496e+08
459000,1.67416e+08
459250,1.46145e+08
459500,1.16878e+08
459750,1.43772e+08
460000,1.49207e+08
460250,1.23441e+08
460500,1.22367e+08
460750,1.17031e+08
461000,1.18255e+08
461250,1.36209e+08
461500,1.37358e+08
461750,1.16249e+08
462000,1.19735e+08
462250,1.31508e+08
462500,1.7799e+08
462750,1.57781e+08
463000,1.58984e+08
463250,1.2931e+08
463500,1.39549e+08
463750,1.25431e+08
464000,1.28329e+08
464250,1.55389e+08
464500,1.73647e+08
464750,1.54401e+08
465000,1.20288e+08
465250,1.77579e+08
465500,1.77882e+08
465750,1.79461e+08
466000,1.81247e+08
466250,1.20368e+08
466500,1.36817e+08
466750,1.44216e+08
467000,1.6269e+08
467250,1.23634e+08
467500,1.50189e+08
467750,1.1835e+08
468000,1.31773e+08
468250,1.55946e+08
468500,1.64285e+08
468750,1.61677e+08
469000,1.21993e+08
469250,1.29396e+08
469500,1.57576e+08
469750,1.47996e+08
470000,1.42647e+08
470250,1.76697e+08
470500,1.62499e+08
470750,1.76684e+08
471000,1.71615e+08
471250,1.73151e+08
471500,1.79794e+08
471750,1.81221e+08
472000,1.8028e+08
472250,1.72947e+08
472500,1.30668e+08
472750,1.30638e+08
473000,1.40514e+08
473250,1.23333e+08
473500,1.31322e+08
473750,1.26803e+08
474000,1.50803e+08
474250,1.22433e+08
474500,1.3835e+08
474750,1.30051e+08
475000,1.2273e+08
475250,1.32437e+08
475500,1.42453e+08
475750,1.44493e+08
476000,1.43309e+08
476250,1.69086e+08
476500,1.69825e+08
476750,1.66571e+08
477000,1.59888e+08
477250,1.3547e+08
477500,1.2218e+08
477750,1.44734e+08
478000,1.69689e+08
478250,1.68212e+08
478500,1.67816e+08
478750,1.63558e+08
479000,1.36205e+08
479250,1.60529e+08
479500,1.29735e+08
479750,1.25383e+08
480000,1.22575e+08
480250,1.50163e+08
480500,1.31318e+08
480750,1.7998e+08
481000,1.67552e+08
481250,1.70608e+08
481500,1.65293e+08
481750,1.68197e+08
482000,1.70288e+08
482250,1.59082e+08
482500,1.62789e+08
482750,1.72429e+08
483000,1.23817e+08
483250,1.34589e+08
483500,1.671e+08
483750,1.76922e+08
484000,1.65957e+08
484250,1.69669e+08
484500,1.68689e+08
484750,1.69781e+08
485000,1.27471e+08
485250,1.29425e+08
485500,1.7023e+08
485750,1.8302e+08
486000,1.8421e+08
486250,1.83245e+08
486500,1.57523e+08
486750,1.71691e+08
487000,1.68227e+08
487250,1.28388e+08
487500,1.26663e+08
487750,1.24952e+08
488000,1.25526e+08
488250,1.5235e+08
488500,1.64306e+08
488750,1.83017e+08
489000,1.84821e+08
489250,1.84793e+08
489500,1.70177e+08
489750,1.56822e+08
490000,1.86416e+08
490250,1.25632e+08
490500,1.27296e+08
490750,1.61196e+08
491000,1.78409e+08
491250,1.48472e+08
491500,1.70313e+08
491750,1.72811e+08
492000,1.70345e+08
492250,1.71115e+08
492500,1.60553e+08
492750,1.65851e+08
493000,1.54047e+08
493250,1.34947e+08
493500,1.69733e+08
493750,1.54773e+08
494000,1.47e+08
494250,1.62408e+08
494500,1.27081e+08
494750,1.32562e+08
495000,1.36085e+08
495250,1.51894e+08
495500,1.30341e+08
495750,1.45696e+08
496000,1.88814e+08
496250,1.86745e+08
496500,1.91542e+08
496750,1.84552e+08
497000,1.86258e+08
497250,1.39787e+08
497500,1.48615e+08
497750,1.7363e+08
498000,1.8161e+08
498250,1.64806e+08
498500,1.76416e+08
498750,1.49501e+08
499000,1.54472e+08
499250,1.77769e+08
499500,1.78749e+08
499750,1.78174e+08
500000,1.80977e+08
500250,1.47755e+08
500500,1.54224e+08
500750,1.77144e+08
501000,1.67397e+08
501250,1.79095e+08
501500,1.74662e+08
501750,1.91545e+08
502000,1.29642e+08
502250,1.44349e+08
502500,1.61747e+08
502750,1.68435e+08
503000,1.7544e+08
503250,1.70528e+08
503500,1.51587e+08
503750,1.30556e+08
504000,1.8695e+08
504250,1.71269e+08
504500,1.82517e+08
504750,1.78748e+08
505000,1.60372e+08
505250,1.72332e+08
505500,1.51165e+08
505750,1.77958e+08
506000,1.68848e+08
506250,1.65114e+08
506500,1.28975e+08
506750,1.34582e+08
507000,1.28811e+08
507250,1.32814e+08
507500,1.29918e+08
507750,1.31217e+08
508000,1.31543e+08
508250,1.53191e+08
508500,1.29672e+08
508750,1.3645e+08
509000,1.35381e+08
509250,1.80699e+08
509500,1.51278e+08
509750,1.79669e+08
510000,1.81808e+08
510250,1.8649e+08
510500,1.59138e+08
510750,1.79295e+08
511000,1.70192e+08
511250,1.7055e+08
511500,1.69791e+08
511750,1.8186e+08
512000,1.37558e+08
512250,1.45108e+08
512500,1.68988e+08
512750,1.95996e+08
513000,1.65314e+08
513250,1.84439e+08
513500,1.31388e+08
513750,1.32312e+08
514000,1.70564e+08
514250,1.71344e+08
514500,1.3166e+08
514750,1.45872e+08
515000,1.39527e+08
515250,1.82903e+08
515500,1.32829e+08
515750,1.64618e+08
516000,1.66777e+08
516250,1.86337e+08
516500,1.90593e+08
516750,1.89737e+08
517000,1.91747e+08
517250,1.38563e+08
517500,1.36588e+08
517750,1.92637e+08
518000,1.92916e+08
518250,1.9313e+08
518500,1.8248e+08
518750,1.79998e+08
519000,1.88284e+08
519250,1.95161e+08
519500,1.94019e+08
519750,1.69565e+08
520000,1.82348e+08
520250,1.83173e+08
520500,1.86782e+08
520750,1.81523e+08
521000,1.68922e+08
521250,1.54166e+08
521500,1.33468e+08
521750,1.36022e+08
522000,1.3409e+08
522250,1.37819e+08
522500,1.35588e+08
522750,1.35833e+08
523000,1.8027e+08
523250,1.34654e+08
523500,1.32523e+08
523750,1.35865e+08
524000,1.34648e+08
524250,1.34789e+08
524500,1.57278e+08
524750,1.43455e+08
525000,1.74758e+08
525250,1.83198e+08
525500,1.77964e+08
525750,1.65642e+08
526000,1.35599e+08
526250,1.71923e+08
526500,1.35707e+08
526750,1.35062e+08
527000,1.35832e+08
527250,1.57788e+08
527500,1.53967e+08
527750,1.36873e+08
528000,1.78926e+08
528250,1.75411e+08
528500,1.37252e+08
528750,1.34576e+08
529000,1.67801e+08
529250,1.64618e+08
529500,1.83869e+08
529750,1.85621e+08
530000,1.85535e+08
530250,1.69656e+08
530500,1.58207e+08
530750,1.88939e+08
531000,1.84296e+08
531250,1.76473e+08
531500,1.59067e+08
531750,1.49149e+08
532000,1.75448e+08
532250,1.51575e+08
532500,1.37514e+08
532750,1.72429e+08
533000,1.46446e+08
533250,1.47195e+08
533500,1.84802e+08
533750,1.52439e+08
534000,1.65827e+08
534250,1.86497e+08
534500,1.81761e+08
534750,1.37035e+08
535000,1.39423e+08
535250,1.43658e+08
535500,1.90551e+08
535750,1.89059e+08
536000,1.81547e+08
536250,1.36849e+08
536500,1.47608e+08
536750,1.89853e+08
537000,1.55815e+08
537250,1.72e+08
537500,1.51248e+08
537750,1.38336e+08
538000,1.35951e+08
538250,1.95824e+08
538500,1.96796e+08
538750,1.92485e+08
539000,1.56247e+08
539250,1.84103e+08
539500,2.02437e+08
539750,1.9829e+08
540000,1.38777e+08
540250,1.74813e+08
540500,1.87542e+08
540750,1.40107e+08
541000,1.3913e+08
541250,1.64483e+08
541500,1.38849e+08
541750,1.75038e+08
542000,1.6831e+08
542250,1.40117e+08
542500,1.48355e+08
542750,1.66261e+08
543000,1.39749e+08
543250,1.38777e+08
543500,1.36994e+08
543750,1.39509e+08
544000,1.40604e+08
544250,1.39524e+08
544500,1.38493e+08
544750,1.72133e+08
545000,1.41745e+08
545250,1.42322e+08
545500,1.42934e+08
545750,1.41314e+08
546000,1.42862e+08
546250,1.42339e+08
546500,1.38937e+08
546750,1.42032e+08
547000,1.40861e+08
547250,1.43159e+08
547500,1.4051e+08
547750,1.87603e+08
548000,1.52305e+08
548250,1.43066e+08
548500,1.41398e+08
548750,1.78284e+08
549000,1.56516e+08
549250,1.54629e+08
549500,1.60542e+08
549750,1.71851e+08
550000,1.94837e+08
550250,1.92943e+08
550500,1.84004e+08
550750,1.80151e+08
551000,2.03864e+08
551250,1.42521e+08
551500,1.45602e+08
551750,1.396e+08
552000,1.43897e+08
552250,1.42445e+08
552500,1.5413e+08
552750,1.77773e+08
553000,1.45066e+08
553250,1.42799e+08
553500,1.58481e+08
553750,1.59038e+08
554000,1.56723e+08
554250,2.0903e+08
554500,1.75744e+08
554750,1.93615e+08
555000,1.62693e+08
555250,1.86645e+08
555500,2.09638e+08
555750,1.44548e+08
556000,1.88828e+08
556250,2.07451e+08
556500,1.5521e+08
556750,1.49556e+08
557000,1.8716e+08
557250,1.96921e+08
557500,1.65086e+08
557750,1.46467e+08
558000,1.83293e+08
558250,1.45759e+08
558500,1.43613e+08
558750,1.46754e+08
559000,1.57244e+08
559250,1.42622e+08
559500,1.43609e+08
559750,1.43954e+08
560000,1.43324e+08
560250,1.41729e+08
560500,1.54291e+08
560750,1.65328e+08
561000,1.83687e+08
561250,2.1049e+08
561500,1.61992e+08
561750,1.5345e+08
562000,1.73643e+08
562250,1.98482e+08
562500,2.02379e+08
562750,1.85577e+08
563000,1.47268e+08
563250,1.70955e+08
563500,1.83671e+08
563750,1.88756e+08
564000,1.8061e+08
564250,1.75603e+08
564500,1.71725e+08
564750,1.53917e+08
565000,1.74789e+08
565250,2.0358e+08
565500,1.98348e+08
565750,1.75795e+08
566000,1.51906e+08
566250,1.89203e+08
566500,2.01428e+08
566750,1.99051e+08
567000,1.99836e+08
567250,1.83813e+08
567500,1.52824e+08
567750,1.45645e+08
568000,1.99123e+08
568250,2.10762e+08
568500,1.95817e+08
568750,2.00437e+08
569000,1.98497e+08
569250,2.02565e+08
569500,1.76395e+08
569750,1.51718e+08
570000,1.47664e+08
570250,1.47029e+08
570500,1.47345e+08
570750,1.73491e+08
571000,2.12475e+08
571250,1.49331e+08
571500,1.57509e+08
571750,1.48137e+08
572000,1.48533e+08
572250,1.84377e+08
572500,1.46236e+08
572750,1.47539e+08
573000,1.47584e+08
573250,1.45818e+08
573500,1.92239e+08
573750,2.0459e+08
574000,1.85317e+08
574250,1.8153e+08
574500,2.12354e+08
574750,2.16083e+08
575000,1.9554e+08
575250,1.48662e+08
575500,1.48975e+08
575750,1.63362e+08
576000,2.04298e+08
576250,2.04615e+08
576500,1.89233e+08
576750,1.94136e+08
577000,2.13555e+08
577250,2.18595e+08
577500,2.13292e+08
577750,1.57207e+08
578000,1.96959e+08
578250,2.03162e+08
578500,1.47263e+08
578750,1.50555e+08
579000,1.77312e+08
579250,2.0349e+08
579500,1.76358e+08
579750,2.03833e+08
580000,2.02603e+08
580250,1.49169e+08
580500,1.51783e+08
580750,1.48799e+08
581000,1.5078e+08
581250,1.51631e+08
581500,1.93643e+08
581750,1.89915e+08
582000,1.52455e+08
582250,1.53667e+08
582500,1.50508e+08
582750,1.50862e+08
583000,1.51069e+08
583250,1.48784e+08
583500,1.57356e+08
583750,1.52671e+08
584000,1.55195e+08
584250,1.54424e+08
584500,1.54023e+08
584750,1.52804e+08
585000,1.94432e+08
585250,1.51916e+08
585500,1.51426e+08
585750,1.5081e+08
586000,1.50537e+08
586250,1.50134e+08
586500,1.49886e+08
586750,1.541e+08
587000,1.80031e+08
587250,1.54572e+08
587500,1.48618e+08
587750,1.82175e+08
588000,1.53825e+08
588250,1.85112e+08
588500,2.04935e+08
588750,2.03983e+08
589000,1.6824e+08
589250,1.95567e+08
589500,1.73641e+08
589750,2.06726e+08
590000,2.02204e+08
590250,1.53501e+08
590500,1.68551e+08
590750,2.07281e+08
591000,1.52922e+08
591250,1.5558e+08
591500,1.84505e+08
591750,1.53144e+08
592000,2.07456e+08
592250,2.07108e+08
592500,1.65972e+08
592750,1.84085e+08
593000,1.5368e+08
593250,1.59554e+08
593500,1.5804e+08
593750,1.54586e+08
594000,1.54734e+08
594250,1.72348e+08
594500,2.06721e+08
594750,2.09985e+08
595000,2.0902e+08
595250,1.57406e+08
595500,1.56797e+08
595750,2.09371e+08
596000,2.10138e+08
596250,2.09297e+08
596500,1.53548e+08
596750,1.55132e+08
597000,1.5357e+08
597250,1.55053e+08
597500,2.10748e+08
597750,1.52846e+08
598000,1.79511e+08
598250,2.09343e+08
598500,2.11552e+08
598750,2.08165e+08
599000,1.62208e+08
599250,1.55919e+08
599500,1.7155e+08
599750,1.98531e+08
600000,2.14391e+08
600250,2.12014e+08
600500,1.8841e+08
600750,1.71925e+08
601000,1.60025e+08
601250,1.57184e+08
601500,1.57505e+08
601750,1.88706e+08
602000,1.57959e+08
602250,1.5682e+08
602500,1.61555e+08
602750,2.15817e+08
603000,2.11667e+08
603250,1.60132e+08
603500,1.56938e+08
603750,1.57208e+08
604000,1.81645e+08
604250,1.85107e+08
604500,1.93562e+08
604750,1.82535e+08
605000,2.1357e+08
605250,2.16275e+08
605500,1.88826e+08
605750,1.82831e+08
606000,1.88754e+08
606250,1.59284e+08
606500,1.57274e+08
606750,1.67134e+08
607000,1.65053e+08
607250,1.81602e+08
607500,1.5497e+08
607750,2.12899e+08
608000,1.55858e+08
608250,1.82803e+08
608500,1.98191e+08
608750,2.13036e+08
609000,2.15062e+08
609250,2.10175e+08
609500,1.67037e+08
609750,1.59162e+08
610000,1.57327e+08
610250,1.53286e+08
610500,1.562e+08
610750,1.60217e+08
611000,1.59545e+08
611250,1.56725e+08
611500,1.57473e+08
611750,1.62373e+08
612000,1.79093e+08
612250,1.76451e+08
612500,2.169e+08
612750,1.69054e+08
613000,2.13961e+08
613250,1.63788e+08
613500,1.61942e+08
613750,1.6628e+08
614000,2.16467e+08
614250,1.59299e+08
614500,1.62328e+08
614750,1.72103e+08
615000,2.04024e+08
615250,2.19144e+08
615500,2.14291e+08
615750,1.78456e+08
616000,2.18573e+08
616250,2.15458e+08
616500,1.58569e+08
616750,1.60514e+08
617000,1.58013e+08
617250,1.59526e+08
617500,1.71337e+08
617750,1.84616e+08
618000,1.59674e+08
618250,1.58439e+08
618500,2.20041e+08
618750,1.70746e+08
619000,1.62279e+08
619250,1.64718e+08
619500,1.60937e+08
619750,1.8249e+08
620000,1.66599e+08
620250,2.01983e+08
620500,1.72338e+08
620750,1.59755e+08
621000,1.78677e+08
621250,1.65579e+08
621500,1.61612e+08
621750,1.61576e+08
622000,1.84182e+08
622250,1.94696e+08
622500,1.88135e+08
622750,1.62438e+08
623000,1.59464e+08
623250,1.59643e+08
623500,1.8513e+08
623750,1.6785e+08
624000,1.65045e+08
624250,2.20534e+08
624500,1.89566e+08
624750,2.14498e+08
625000,1.69232e+08
625250,1.60556e+08
625500,1.6577e+08
625750,1.6413e+08
626000,2.18949e+08
626250,2.16516e+08
626500,1.88152e+08
626750,1.61651e+08
627000,1.76668e+08
627250,1.62071e+08
627500,1.63463e+08
627750,2.0547e+08
628000,1.62384e+08
628250,1.65116e+08
628500,1.64887e+08
628750,1.6364e+08
629000,1.78055e+08
629250,1.74535e+08
629500,1.9932e+08
629750,1.61431e+08
630000,1.901e+08
630250,1.63602e+08
630500,1.64064e+08
630750,1.62188e+08
631000,1.63535e+08
631250,1.62078e+08
631500,1.65556e+08
631750,1.61377e+08
632000,1.69466e+08
632250,1.62395e+08
632500,1.6332e+08
632750,1.6277e+08
633000,1.64887e+08
633250,1.64969e+08
633500,1.63531e+08
633750,1.6646e+08
634000,1.6479e+08
634250,1.63599e+08
634500,1.65767e+08
634750,1.85656e+08
635000,2.16228e+08
635250,2.25751e+08
635500,1.8511e+08
635750,1.62397e+08
636000,1.65537e+08
636250,1.62138e+08
636500,2.25884e+08
636750,2.14322e+08
637000,1.62924e+08
637250,1.6651e+08
637500,1.70178e+08
637750,1.632e+08
638000,2.25917e+08
638250,1.65712e+08
638500,1.82484e+08
638750,2.26246e+08
639000,1.65034e+08
639250,1.68391e+08
639500,1.67531e+08
639750,1.73904e+08
640000,2.24685e+08
640250,1.77993e+08
640500,2.12192e+08
640750,1.65005e+08
641000,1.66865e+08
641250,1.67887e+08
641500,1.72637e+08
641750,1.65525e+08
642000,2.12417e+08
642250,1.93116e+08
642500,1.84852e+08
642750,2.21294e+08
643000,1.76437e+08
643250,1.67413e+08
643500,1.723e+08
643750,1.92302e+08
644000,2.2842e+08
644250,1.68564e+08
644500,1.66477e+08
644750,1.97927e+08
645000,1.94359e+08
645250,2.01494e+08
645500,1.87009e+08
645750,2.01925e+08
646000,1.70203e+08
646250,1.68726e+08
646500,1.71417e+08
646750,1.86071e+08
647000,1.81198e+08
647250,1.6745e+08
647500,1.6942e+08
647750,1.72711e+08
648000,1.93013e+08
648250,1.67745e+08
648500,2.1999e+08
648750,1.87864e+08
649000,1.6527e+08
649250,2.20687e+08
649500,2.01898e+08
649750,2.29654e+08
650000,1.97881e+08
650250,1.86185e+08
650500,1.68853e+08
650750,1.99447e+08
651000,2.30495e+08
651250,2.3098e+08
651500,1.83083e+08
651750,1.82514e+08
652000,1.90204e+08
652250,2.09274e+08
652500,1.71431e+08
652750,1.71511e+08
653000,1.69796e+08
653250,1.67517e+08
653500,1.88099e+08
653750,2.3135e+08
654000,1.96455e+08
654250,1.69249e+08
654500,1.69113e+08
654750,1.6779e+08
655000,1.67919e+08
655250,1.72016e+08
655500,2.13334e+08
655750,1.92421e+08
656000,1.68396e+08
656250,1.69466e+08
656500,1.7469e+08
656750,2.23049e+08
657000,2.28468e+08
657250,2.13907e+08
657500,1.68739e+08
657750,1.83617e+08
658000,1.77897e+08
658250,1.70122e+08
658500,1.75032e+08
658750,2.1287e+08
659000,1.87431e+08
659250,1.72698e+08
659500,1.86674e+08
659750,1.69936e+08
660000,1.94539e+08
660250,1.74061e+08
660500,2.03434e+08
660750,2.37963e+08
661000,1.90967e+08
661250,1.93884e+08
661500,1.75176e+08
661750,2.23153e+08
662000,2.04312e+08
662250,2.08945e+08
662500,1.80685e+08
662750,2.11792e+08
663000,1.92581e+08
663250,2.28486e+08
663500,2.3262e+08
663750,1.72553e+08
664000,2.09805e+08
664250,2.0339e+08
664500,1.73233e+08
664750,1.73852e+08
665000,1.73328e+08
665250,2.0576e+08
665500,1.72334e+08
665750,2.01051e+08
666000,2.00062e+08
666250,1.73632e+08
666500,1.72225e+08
666750,1.71895e+08
667000,1.74563e+08
667250,1.85696e+08
667500,1.75913e+08
667750,1.94673e+08
668000,1.82104e+08
668250,2.12777e+08
668500,1.76569e+08
668750,1.78844e+08
669000,2.19094e+08
669250,2.34559e+08
669500,2.22826e+08
669750,1.75544e+08
670000,1.86682e+08
670250,2.38751e+08
670500,2.26537e+08
670750,1.85916e+08
671000,2.0091e+08
671250,1.76895e+08
671500,2.06256e+08
671750,2.35335e+08
672000,1.74728e+08
672250,1.82959e+08
672500,1.75617e+08
672750,2.38548e+08
673000,1.76689e+08
673250,1.75476e+08
673500,1.74562e+08
673750,2.12407e+08
674000,1.77533e+08
674250,1.77202e+08
674500,1.77913e+08
674750,1.74771e+08
675000,1.7578e+08
675250,1.77767e+08
675500,2.01692e+08
675750,2.35008e+08
676000,2.35929e+08
676250,1.79482e+08
676500,1.73429e+08
676750,1.97394e+08
677000,1.76687e+08
677250,1.74255e+08
677500,1.81099e+08
677750,1.76715e+08
678000,2.3691e+08
678250,2.34446e+08
678500,2.04402e+08
678750,2.43098e+08
679000,1.79914e+08
679250,2.31847e+08
679500,2.17398e+08
679750,1.74441e+08
680000,1.75831e+08
680250,1.79714e+08
680500,1.79619e+08
680750,1.76948e+08
681000,1.82125e+08
681250,1.79523e+08
681500,1.9481e+08
681750,2.2774e+08
682000,1.77547e+08
682250,1.80147e+08
682500,1.80676e+08
682750,1.73884e+08
683000,1.73221e+08
683250,1.75513e+08
683500,1.75324e+08
683750,1.74787e+08
684000,1.75887e+08
684250,1.76742e+08
684500,1.77032e+08
684750,1.75991e+08
685000,1.74894e+08
685250,1.9065e+08
685500,1.76242e+08
685750,1.78062e+08
686000,1.76303e+08
686250,1.75419e+08
686500,1.91417e+08
686750,1.74189e+08
687000,1.72395e+08
687250,1.7305e+08
687500,1.75346e+08
687750,1.87167e+08
688000,1.76894e+08
688250,1.77111e+08
688500,1.75322e+08
688750,1.75239e+08
689000,1.77791e+08
689250,1.77517e+08
689500,2.05375e+08
689750,2.48844e+08
690000,2.34363e+08
690250,2.25326e+08
690500,2.45457e+08
690750,1.99469e+08
691000,2.48325e+08
691250,2.0366e+08
691500,2.17087e+08
691750,2.22623e+08
692000,2.272e+08
692250,2.04805e+08
692500,2.30748e+08
692750,2.30624e+08
693000,2.22869e+08
693250,2.30344e+08
693500,2.2222e+08
693750,1.9468e+08
694000,2.39619e+08
694250,2.15858e+08
694500,2.46406e+08
694750,2.29435e+08
695000,2.49559e+08
695250,1.79842e+08
695500,1.85366e+08
695750,2.45545e+08
696000,2.033e+08
696250,2.34766e+08
696500,2.51814e+08
696750,2.44204e+08
697000,2.2705e+08
697250,1.8856e+08
697500,2.39151e+08
697750,1.909e+08
698000,1.81785e+08
698250,2.46743e+08
698500,2.20103e+08
698750,1.82375e+08
699000,1.97012e+08
699250,1.89302e+08
699500,1.82055e+08
699750,2.2514e+08
700000,2.36766e+08
700250,1.81192e+08
700500,2.50644e+08
700750,2.44404e+08
701000,2.36323e+08
701250,1.85375e+08
701500,1.81579e+08
701750,1.90232e+08
702000,1.87753e+08
702250,1.93469e+08
702500,2.41303e+08
702750,2.20076e+08
703000,2.0324e+08
703250,2.43551e+08
703500,1.9501e+08
703750,1.86943e+08
704000,2.19993e+08
704250,2.08151e+08
704500,1.83914e+08
704750,2.28739e+08
705000,2.48622e+08
705250,2.09882e+08
705500,1.83593e+08
705750,1.8397e+08
706000,1.81751e+08
706250,1.8109e+08
706500,1.84834e+08
706750,1.81732e+08
707000,1.87129e+08
707250,1.90226e+08
707500,1.81683e+08
707750,2.49878e+08
708000,2.45215e+08
708250,1.78551e+08
708500,1.79784e+08
708750,1.80555e+08
709000,1.81503e+08
709250,2.0399e+08
709500,1.83529e+08
709750,1.83792e+08
710000,1.96577e+08
710250,1.80271e+08
710500,1.82434e+08
710750,1.78528e+08
711000,1.8079e+08
711250,2.28697e+08
711500,1.90143e+08
711750,2.29811e+08
712000,2.34219e+08
712250,1.8215e+08
712500,1.83803e+08
712750,1.7847e+08
713000,1.82008e+08
713250,1.85302e+08
713500,2.25712e+08
713750,1.84648e+08
714000,1.80744e+08
714250,2.11654e+08
714500,2.02528e+08
714750,2.05067e+08
715000,2.46996e+08
715250,2.24676e+08
715500,1.91381e+08
715750,1.85343e+08
716000,1.81247e+08
716250,2.01355e+08
716500,1.83657e+08
716750,1.81904e+08
717000,1.83135e+08
717250,2.49018e+08
717500,2.18212e+08
717750,1.79843e+08
718000,2.47888e+08
718250,2.5021e+08
718500,2.47861e+08
718750,1.83935e+08
719000,1.86764e+08
719250,1.82827e+08
719500,1.86507e+08
719750,1.85217e+08
720000,2.31485e+08
720250,1.80606e+08
720500,2.06628e+08
720750,2.06995e+08
721000,1.81642e+08
721250,1.83629e+08
721500,1.88185e+08
721750,1.84953e+08
722000,2.00887e+08
722250,2.13532e+08
722500,2.22349e+08
722750,1.98733e+08
723000,1.85855e+08
723250,2.1329e+08
723500,2.51904e+08
723750,1.90014e+08
724000,1.83395e+08
724250,1.84476e+08
724500,1.85977e+08
724750,1.88644e+08
725000,1.86132e+08
725250,1.87091e+08
725500,1.9053e+08
725750,2.27709e+08
726000,1.905e+08
726250,1.85724e+08
726500,2.27711e+08
726750,2.55108e+08
727000,1.86558e+08
727250,1.83655e+08
727500,2.09501e+08
727750,1.97985e+08
728000,1.84637e+08
728250,1.84217e+08
728500,1.85008e+08
728750,1.90559e+08
729000,2.03345e+08
729250,2.53202e+08
729500,2.52215e+08
729750,2.27472e+08
730000,2.54166e+08
730250,2.50712e+08
730500,2.5121e+08
730750,2.26327e+08
731000,2.00249e+08
731250,2.53163e+08
731500,2.53948e+08
731750,2.05905e+08
732000,1.8502e+08
732250,1.85448e+08
732500,1.87655e+08
732750,2.25673e+08
733000,1.85816e+08
733250,1.89679e+08
733500,1.85545e+08
733750,1.86443e+08
734000,1.89742e+08
734250,2.06466e+08
734500,1.85799e+08
734750,1.87954e+08
735000,1.84483e+08
735250,1.87204e+08
735500,1.93397e+08
735750,2.16512e+08
736000,1.88064e+08
736250,2.07488e+08
736500,2.5855e+08
736750,1.87088e+08
737000,2.10473e+08
737250,2.03038e+08
737500,1.912e+08
737750,1.85917e+08
738000,1.89375e+08
738250,1.87934e+08
738500,1.89492e+08
738750,1.90249e+08
739000,1.92626e+08
739250,1.88118e+08
739500,1.8797e+08
739750,1.89503e+08
740000,1.92683e+08
740250,1.92023e+08
740500,2.36446e+08
740750,2.52649e+08
741000,1.88456e+08
741250,1.87839e+08
741500,1.90902e+08
741750,1.8964e+08
742000,1.87429e+08
742250,1.93179e+08
742500,1.90084e+08
742750,1.90317e+08
743000,1.92999e+08
743250,1.90415e+08
743500,2.29877e+08
743750,2.56694e+08
744000,1.91141e+08
744250,1.88865e+08
744500,1.8767e+08
744750,1.88951e+08
745000,1.90158e+08
745250,1.91015e+08
745500,1.93232e+08
745750,1.90383e+08
746000,1.91129e+08
746250,2.34141e+08
746500,1.8783e+08
746750,2.43886e+08
747000,1.89786e+08
747250,1.99198e+08
747500,2.58759e+08
747750,2.60617e+08
748000,2.2811e+08
748250,1.92258e+08
748500,1.91441e+08
748750,1.88489e+08
749000,1.9152e+08
749250,2.57295e+08
749500,2.07579e+08
749750,1.89254e+08
750000,1.89993e+08
750250,1.87444e+08
750500,1.98121e+08
750750,1.92169e+08
751000,1.91375e+08
751250,1.90503e+08
751500,1.91708e+08
751750,2.13766e+08
752000,2.59092e+08
752250,2.34358e+08
752500,1.9519e+08
752750,1.93234e+08
753000,1.95261e+08
753250,1.92758e+08
753500,1.93452e+08
753750,1.93778e+08
754000,2.01713e+08
754250,2.22399e+08
754500,1.90338e+08
754750,1.93463e+08
755000,1.92091e+08
755250,1.92214e+08
755500,1.90657e+08
755750,1.9578e+08
756000,1.93648e+08
756250,1.99387e+08
756500,1.93528e+08
756750,1.9057e+08
757000,2.03031e+08
757250,2.62445e+08
757500,2.61189e+08
757750,2.60982e+08
758000,1.91349e+08
758250,1.8982e+08
758500,2.02976e+08
758750,1.93435e+08
759000,1.94065e+08
759250,1.89892e+08
759500,1.93023e+08
759750,1.93057e+08
760000,1.92506e+08
760250,1.94105e+08
760500,1.9688e+08
760750,1.93152e+08
761000,2.00275e+08
761250,1.91236e+08
761500,1.95375e+08
761750,1.91221e+08
762000,1.97823e+08
762250,1.95833e+08
762500,1.91252e+08
762750,2.59401e+08
763000,2.65082e+08
763250,1.9321e+08
763500,1.96282e+08
763750,2.53447e+08
764000,1.98933e+08
764250,1.97009e+08
764500,1.99736e+08
764750,1.92258e+08
765000,1.97032e+08
765250,1.93453e+08
765500,1.95334e+08
765750,1.98751e+08
766000,2.30543e+08
766250,2.64086e+08
766500,1.97355e+08
766750,1.95202e+08
767000,1.94446e+08
767250,2.097e+08
767500,2.5042e+08
767750,1.95899e+08
768000,1.96971e+08
768250,1.95554e+08
768500,2.17531e+08
768750,1.96456e+08
769000,1.9715e+08
769250,1.93287e+08
769500,1.97186e+08
769750,2.16062e+08
770000,2.68866e+08
770250,2.36471e+08
770500,1.9737e+08
770750,2.01772e+08
771000,1.96009e+08
771250,2.013e+08
771500,1.97205e+08
771750,2.18998e+08
772000,2.00166e+08
772250,1.99846e+08
772500,2.25177e+08
772750,2.15166e+08
773000,1.97115e+08
773250,1.95383e+08
773500,1.95671e+08
773750,1.97601e+08
774000,2.26105e+08
774250,2.69837e+08
774500,1.99787e+08
774750,2.00038e+08
775000,1.99043e+08
775250,1.96551e+08
775500,1.97192e+08
775750,1.98402e+08
776000,2.25682e+08
776250,2.25385e+08
776500,1.96597e+08
776750,2.58721e+08
777000,2.51411e+08
777250,1.9881e+08
777500,2.00787e+08
777750,1.9744e+08
778000,1.98544e+08
778250,2.00475e+08
778500,1.98734e+08
778750,2.0113e+08
779000,2.65727e+08
779250,2.36343e+08
779500,2.03056e+08
779750,2.03273e+08
780000,2.41465e+08
780250,1.99469e+08
780500,2.0696e+08
780750,1.99598e+08
781000,1.95478e+08
781250,1.97355e+08
781500,2.00072e+08
781750,2.02569e+08
782000,1.9917e+08
782250,1.99778e+08
782500,1.98905e+08
782750,1.98611e+08
783000,2.00839e+08
783250,1.9859e+08
783500,1.99434e+08
783750,2.01657e+08
784000,2.66792e+08
784250,1.96009e+08
784500,2.27441e+08
784750,2.40238e+08
785000,2.72459e+08
785250,2.39523e+08
785500,1.98196e+08
785750,2.22608e+08
786000,2.00579e+08
786250,1.99707e+08
786500,1.99633e+08
786750,2.00164e+08
787000,2.0105e+08
787250,2.03116e+08
787500,2.02621e+08
787750,1.98595e+08
788000,2.06581e+08
788250,1.99636e+08
788500,2.02244e+08
788750,2.01506e+08
789000,2.02968e+08
789250,2.73171e+08
789500,2.03557e+08
789750,1.99149e+08
790000,2.29975e+08
790250,2.20071e+08
790500,2.11327e+08
790750,2.28691e+08
791000,2.08321e+08
791250,2.27753e+08
791500,2.53896e+08
791750,2.05214e+08
792000,2.16461e+08
792250,2.12026e+08
792500,2.08428e+08
792750,2.06648e+08
793000,2.17715e+08
793250,2.23589e+08
793500,2.07265e+08
793750,2.08608e+08
794000,2.13447e+08
794250,2.08145e+08
794500,2.10374e+08
794750,2.055e+08
795000,2.10715e+08
795250,2.18915e+08
795500,2.15523e+08
795750,2.66832e+08
796000,2.09216e+08
796250,2.0747e+08
796500,2.25717e+08
796750,2.0809e+08
797000,2.02911e+08
797250,2.58988e+08
797500,2.69315e+08
797750,2.07318e+08
798000,2.31633e+08
798250,2.80164e+08
798500,2.05737e+08
798750,2.08166e+08
799000,2.01677e+08
799250,2.05307e+08
799500,2.0527e+08
799750,2.49872e+08
800000,2.37415e+08
800250,2.06955e+08
800500,2.0553e+08
800750,2.05014e+08
801000,2.01378e+08
801250,2.08092e+08
801500,2.77401e+08
801750,2.17812e+08
802000,2.03174e+08
802250,2.05424e+08
802500,2.5035e+08
802750,2.4514e+08
803000,2.04989e+08
803250,2.3121e+08
803500,2.41815e+08
803750,2.12318e+08
804000,2.83189e+08
804250,2.67048e+08
804500,2.4906e+08
804750,2.47111e+08
805000,2.7971e+08
805250,2.94725e+08
805500,2.18914e+08
805750,2.82231e+08
806000,2.69348e+08
806250,2.17591e+08
806500,2.2522e+08
806750,2.61656e+08
807000,2.38525e+08
807250,2.61357e+08
807500,2.27316e+08
807750,2.26523e+08
808000,2.5461e+08
808250,2.34673e+08
808500,2.11953e+08
808750,2.07484e+08
809000,2.17739e+08
809250,2.19252e+08
809500,2.21535e+08
809750,2.12602e+08
810000,2.11419e+08
810250,2.48245e+08
810500,2.17853e+08
810750,2.38533e+08
811000,2.50215e+08
811250,2.34734e+08
811500,2.18745e+08
811750,2.3926e+08
812000,2.78088e+08
812250,2.85805e+08
812500,2.5347e+08
812750,2.13937e+08
813000,2.12392e+08
813250,2.14908e+08
813500,2.18326e+08
813750,2.12254e+08
814000,2.10336e+08
814250,2.11133e+08
814500,2.49155e+08
814750,2.18984e+08
815000,2.08837e+08
815250,2.22955e+08
815500,2.78893e+08
815750,2.15361e+08
816000,2.18662e+08
816250,2.23646e+08
816500,2.79788e+08
816750,2.1092e+08
817000,2.10159e+08
817250,2.76878e+08
817500,2.8223e+08
817750,2.0987e+08
818000,2.105e+08
818250,2.18772e+08
818500,2.91988e+08
818750,2.80174e+08
819000,2.8704e+08
819250,2.63918e+08
819500,2.55003e+08
819750,2.14374e+08
820000,2.09783e+08
820250,2.16627e+08
820500,2.12558e+08
820750,2.11656e+08
821000,2.11119e+08
821250,2.14712e+08
821500,2.09232e+08
821750,2.09112e+08
822000,2.14962e+08
822250,2.11038e+08
822500,2.13304e+08
822750,2.1017e+08
823000,2.13926e+08
823250,2.20013e+08
823500,2.14235e+08
823750,2.75689e+08
824000,2.47838e+08
824250,2.21468e+08
824500,2.10877e+08
824750,2.12136e+08
825000,2.10222e+08
825250,2.0883e+08
825500,2.10602e+08
825750,2.14263e+08
826000,2.11055e+08
826250,2.10736e+08
826500,2.17352e+08
826750,2.15182e+08
827000,2.12751e+08
827250,2.11561e+08
827500,2.50227e+08
827750,2.64066e+08
828000,2.11462e+08
828250,2.16746e+08
828500,2.12288e+08
828750,2.68828e+08
829000,2.15359e+08
829250,2.76013e+08
829500,2.86642e+08
829750,2.77182e+08
830000,2.15447e+08
830250,2.16182e+08
830500,2.12312e+08
830750,2.15103e+08
831000,2.92973e+08
831250,2.72638e+08
831500,2.62567e+08
831750,2.42709e+08
832000,2.94003e+08
832250,2.5439e+08
832500,2.1879e+08
832750,2.53493e+08
833000,2.95925e+08
833250,2.93263e+08
833500,2.13869e+08
833750,2.14005e+08
834000,2.11452e+08
834250,2.14129e+08
834500,2.1411e+08
834750,2.84808e+08
835000,2.72534e+08
835250,2.17204e+08
835500,2.15611e+08
835750,2.16796e+08
836000,2.19819e+08
836250,2.18591e+08
836500,2.38978e+08
836750,2.19746e+08
837000,2.82237e+08
837250,2.21569e+08
837500,2.16746e+08
837750,2.87543e+08
838000,2.20677e+08
838250,2.85388e+08
838500,2.54414e+08
838750,3.00541e+08
839000,2.94276e+08
839250,2.57015e+08
839500,2.21589e+08
839750,2.21256e+08
840000,2.17996e+08
840250,2.18089e+08
840500,2.18321e+08
840750,2.22852e+08
841000,2.21665e+08
841250,2.80875e+08
841500,2.25565e+08
841750,2.16273e+08
842000,2.17101e+08
842250,2.54834e+08
842500,2.39973e+08
842750,2.74872e+08
843000,2.92188e+08
843250,2.37517e+08
843500,2.25185e+08
843750,2.14732e+08
844000,2.3227e+08
844250,2.21994e+08
844500,2.7786e+08
844750,2.23564e+08
845000,2.28635e+08
845250,2.96901e+08
845500,2.36927e+08
845750,2.20792e+08
846000,2.41818e+08
846250,2.48299e+08
846500,3.08937e+08
846750,2.64955e+08
847000,2.68626e+08
847250,2.98481e+08
847500,2.6565e+08
847750,2.23442e+08
848000,2.5005e+08
848250,2.23731e+08
848500,2.63123e+08
848750,2.84749e+08
849000,2.20467e+08
849250,2.1867e+08
849500,2.39776e+08
849750,2.69881e+08
850000,2.22706e+08
850250,2.67943e+08
850500,2.25417e+08
850750,2.2207e+08
851000,2.89047e+08
851250,3.01397e+08
851500,2.40684e+08
851750,2.37664e+08
852000,2.55451e+08
852250,2.4181e+08
852500,2.60543e+08
852750,3.05601e+08
853000,2.35699e+08
853250,2.23191e+08
853500,2.39709e+08
853750,2.27994e+08
854000,2.27122e+08
854250,3.07082e+08
854500,2.39166e+08
854750,2.78641e+08
855000,2.28876e+08
855250,2.33906e+08
855500,2.23836e+08
855750,2.21544e+08
856000,2.79838e+08
856250,2.42015e+08
856500,2.76298e+08
856750,3.03968e+08
857000,2.70232e+08
857250,3.03614e+08
857500,3.08934e+08
857750,2.83193e+08
858000,2.2717e+08
858250,2.35119e+08
858500,2.23948e+08
858750,2.20203e+08
859000,2.22746e+08
859250,2.23687e+08
859500,2.27741e+08
859750,2.24484e+08
860000,2.50834e+08
860250,3.00693e+08
860500,2.86428e+08
860750,2.25161e+08
861000,2.57277e+08
861250,3.02878e+08
861500,2.20209e+08
861750,2.57743e+08
862000,3.05087e+08
862250,2.61423e+08
862500,2.83531e+08
862750,2.19786e+08
863000,2.2589e+08
863250,2.2382e+08
863500,2.21037e+08
863750,2.26753e+08
864000,2.22255e+08
864250,2.37642e+08
864500,2.90174e+08
864750,2.22653e+08
865000,2.22761e+08
865250,2.23247e+08
865500,2.25156e+08
865750,2.24503e+08
866000,2.21889e+08
866250,2.8776e+08
866500,2.76932e+08
866750,2.21171e+08
867000,2.26489e+08
867250,2.24999e+08
867500,2.2135e+08
867750,2.81799e+08
868000,3.05249e+08
868250,2.46366e+08
868500,2.29464e+08
868750,2.24907e+08
869000,2.25753e+08
869250,2.23977e+08
869500,2.5997e+08
869750,2.20967e+08
870000,2.2884e+08
870250,2.30945e+08
870500,2.63157e+08
870750,2.86106e+08
871000,2.3094e+08
871250,2.29058e+08
871500,2.54084e+08
871750,2.25424e+08
872000,2.2386e+08
872250,2.25634e+08
872500,2.29324e+08
872750,2.32284e+08
873000,2.32901e+08
873250,2.28549e+08
873500,2.41937e+08
873750,2.55102e+08
874000,2.21762e+08
874250,2.26129e+08
874500,2.36823e+08
874750,2.55613e+08
875000,3.05464e+08
875250,2.87862e+08
875500,3.04214e+08
875750,2.38823e+08
876000,2.25997e+08
876250,2.28526e+08
876500,2.30335e+08
876750,2.25067e+08
877000,2.35946e+08
877250,2.26986e+08
877500,2.23314e+08
877750,2.23565e+08
878000,2.26948e+08
878250,2.43321e+08
878500,2.46989e+08
878750,3.14116e+08
879000,2.87946e+08
879250,2.80902e+08
879500,3.11175e+08
879750,2.89885e+08
880000,2.37648e+08
880250,2.28323e+08
880500,2.23948e+08
880750,2.73498e+08
881000,2.30769e+08
881250,2.2799e+08
881500,2.2822e+08
881750,2.4414e+08
882000,3.1329e+08
882250,2.30305e+08
882500,3.06745e+08
882750,2.30889e+08
883000,2.36907e+08
883250,2.29145e+08
883500,2.3544e+08
883750,2.31325e+08
884000,2.57517e+08
884250,2.26431e+08
884500,2.2745e+08
884750,2.26996e+08
885000,2.29395e+08
885250,2.28509e+08
885500,2.34778e+08
885750,2.27233e+08
886000,2.28186e+08
886250,2.24159e+08
886500,2.57321e+08
886750,2.3811e+08
887000,2.33652e+08
887250,2.58635e+08
887500,2.67802e+08
887750,2.34641e+08
888000,3.13398e+08
888250,2.31318e+08
888500,2.42982e+08
888750,2.31768e+08
889000,2.34204e+08
889250,2.35822e+08
889500,2.48293e+08
889750,2.30974e+08
890000,2.28561e+08
890250,2.28115e+08
890500,2.4079e+08
890750,2.30074e+08
891000,2.327e+08
891250,2.33625e+08
891500,2.31359e+08
891750,2.32607e+08
892000,2.36477e+08
892250,2.34907e+08
892500,2.65703e+08
892750,2.34202e+08
893000,2.33233e+08
893250,2.35629e+08
893500,2.47219e+08
893750,2.31508e+08
894000,2.31635e+08
894250,2.37026e+08
894500,2.31991e+08
894750,2.34645e+08
895000,2.30345e+08
895250,2.35101e+08
895500,2.36771e+08
895750,2.36585e+08
896000,2.33978e+08
896250,3.0994e+08
896500,2.55783e+08
896750,2.34084e+08
897000,2.32817e+08
897250,2.3543e+08
897500,2.32125e+08
897750,2.38162e+08
898000,2.3227e+08
898250,2.32554e+08
898500,2.3579e+08
898750,2.33781e+08
899000,2.26841e+08
899250,2.29237e+08
899500,2.31653e+08
899750,2.36781e+08
900000,2.37829e+08
900250,2.36563e+08
900500,2.38116e+08
900750,2.33883e+08
901000,2.29653e+08
901250,2.34152e+08
901500,2.38681e+08
901750,2.35725e+08
902000,2.75059e+08
902250,3.19885e+08
902500,2.39622e+08
902750,2.33225e+08
903000,2.37873e+08
903250,2.3896e+08
903500,2.98347e+08
903750,2.96553e+08
904000,2.37146e+08
904250,2.3536e+08
904500,2.31084e+08
904750,2.3345e+08
905000,2.33256e+08
905250,2.37154e+08
905500,2.26789e+08
905750,2.35699e+08
906000,2.41103e+08
906250,2.38561e+08
906500,2.34828e+08
906750,2.44393e+08
907000,2.34729e+08
907250,2.32589e+08
907500,2.3412e+08
907750,2.3761e+08
908000,2.43057e+08
908250,2.53855e+08
908500,2.69984e+08
908750,2.34596e+08
909000,2.38743e+08
909250,2.37729e+08
909500,2.34162e+08
909750,2.35989e+08
910000,2.36609e+08
910250,2.40031e+08
910500,2.3433e+08
910750,2.3727e+08
911000,2.4266e+08
911250,2.36384e+08
911500,2.4001e+08
911750,2.39435e+08
912000,2.47221e+08
912250,2.31084e+08
912500,2.26804e+08
912750,2.2376e+08
913000,2.35634e+08
913250,2.30878e+08
913500,2.27988e+08
913750,2.2805e+08
914000,2.31195e+08
914250,2.31302e+08
914500,2.28319e+08
914750,2.30976e+08
915000,2.31312e+08
915250,2.29775e+08
915500,2.27512e+08
915750,2.30528e+08
916000,2.27306e+08
916250,2.32951e+08
916500,2.29412e+08
916750,2.31664e+08
917000,2.30363e+08
917250,2.34738e+08
917500,2.3117e+08
917750,2.28229e+08
918000,2.35399e+08
918250,2.42837e+08
918500,2.37056e+08
918750,2.40879e+08
919000,2.43555e+08
919250,2.39786e+08
919500,2.42418e+08
919750,2.44678e+08
920000,2.42058e+08
920250,2.39326e+08
920500,2.3824e+08
920750,2.34928e+08
921000,2.3558e+08
921250,2.39357e+08
921500,2.3711e+08
921750,2.42348e+08
922000,2.43123e+08
922250,2.4488e+08
922500,2.34097e+08
922750,2.39018e+08
923000,2.36904e+08
923250,2.35489e+08
923500,2.41209e+08
923750,2.4777e+08
924000,2.40206e+08
924250,2.48218e+08
924500,2.4564e+08
924750,2.38851e+08
925000,2.3706e+08
925250,2.40908e+08
925500,2.40401e+08
925750,2.45992e+08
926000,2.35212e+08
926250,2.39488e+08
926500,2.38068e+08
926750,2.42105e+08
927000,2.38183e+08
927250,2.42013e+08
927500,2.43946e+08
927750,2.43918e+08
928000,2.44984e+08
928250,2.41701e+08
928500,2.37357e+08
928750,2.35063e+08
929000,2.39072e+08
929250,2.48575e+08
929500,2.44295e+08
929750,2.43766e+08
930000,2.39425e+08
930250,2.47759e+08
930500,2.36466e+08
930750,2.44458e+08
931000,2.42787e+08
931250,2.4047e+08
931500,2.39595e+08
931750,2.4103e+08
932000,2.42318e+08
932250,2.4289e+08
932500,2.45138e+08
932750,2.40786e+08
933000,2.4556e+08
933250,2.46075e+08
933500,2.45864e+08
933750,2.41856e+08
934000,2.48346e+08
934250,2.53109e+08
934500,2.37055e+08
934750,2.41974e+08
935000,2.47322e+08
935250,2.42413e+08
935500,2.51581e+08
935750,2.40416e+08
936000,2.47333e+08
936250,2.43293e+08
936500,2.47589e+08
936750,2.39977e+08
937000,2.46397e+08
937250,2.41087e+08
937500,2.47059e+08
937750,2.44425e+08
938000,2.52449e+08
938250,2.41121e+08
938500,2.45348e+08
938750,2.44017e+08
939000,2.45662e+08
939250,2.41677e+08
939500,2.3639e+08
939750,2.36945e+08
940000,2.40757e+08
940250,2.37749e+08
940500,2.36576e+08
940750,2.38407e+08
941000,2.39554e+08
941250,2.32071e+08
941500,2.38651e+08
941750,2.38733e+08
942000,2.46246e+08
942250,2.43422e+08
942500,2.35976e+08
942750,2.34566e+08
943000,2.3704e+08
943250,2.35122e+08
943500,2.42898e+08
943750,2.34471e+08
944000,2.37142e+08
944250,2.41833e+08
944500,2.37983e+08
944750,2.39394e+08
945000,2.34773e+08
945250,2.39442e+08
945500,2.38423e+08
945750,2.36079e+08
946000,2.50979e+08
946250,2.446e+08
946500,2.4724e+08
946750,2.413e+08
947000,2.44425e+08
947250,2.44809e+08
947500,2.4433e+08
947750,2.42741e+08
948000,2.43649e+08
948250,2.42667e+08
948500,2.48445e+08
948750,2.39544e+08
949000,2.4872e+08
949250,2.47757e+08
949500,2.43576e+08
949750,2.40992e+08
950000,2.52263e+08
950250,2.4855e+08
950500,2.47114e+08
950750,2.49303e+08
951000,2.51269e+08
951250,2.45169e+08
951500,2.45875e+08
951750,2.49286e+08
952000,2.48034e+08
952250,2.51765e+08
952500,2.49323e+08
952750,2.44142e+08
953000,2.47365e+08
953250,2.4231e+08
953500,2.4301e+08
953750,2.39987e+08
954000,2.4415e+08
954250,2.39329e+08
954500,2.44614e+08
954750,2.38429e+08
955000,2.4117e+08
955250,2.4134e+08
955500,2.39615e+08
955750,2.43986e+08
956000,2.43716e+08
956250,2.43699e+08
956500,2.46572e+08
956750,2.43566e+08
957000,2.44475e+08
957250,2.46481e+08
957500,2.45225e+08
957750,2.45802e+08
958000,2.57173e+08
958250,2.43562e+08
958500,2.44979e+08
958750,2.44983e+08
959000,2.49455e+08
959250,2.44983e+08
959500,2.50446e+08
959750,2.6017e+08
960000,2.56615e+08
960250,2.47391e+08
960500,2.4689e+08
960750,2.50549e+08
961000,2.50147e+08
961250,2.52367e+08
961500,2.52344e+08
961750,2.59876e+08
962000,2.58826e+08
962250,2.55557e+08
962500,2.5343e+08
962750,2.54079e+08
963000,2.45458e+08
963250,2.47065e+08
963500,2.42755e+08
963750,2.44196e+08
964000,2.48472e+08
964250,2.50455e+08
964500,2.43994e+08
964750,2.41653e+08
965000,2.43931e+08
965250,2.48047e+08
965500,2.46513e+08
965750,2.45478e+08
966000,2.43142e+08
966250,2.47057e+08
966500,2.43114e+08
966750,2.43428e+08
967000,2.46379e+08
967250,2.49326e+08
967500,2.43122e+08
967750,2.46396e+08
968000,2.49501e+08
968250,2.48236e+08
968500,2.45362e+08
968750,2.48026e+08
969000,2.45259e+08
969250,2.48527e+08
969500,2.49666e+08
969750,2.45823e+08
970000,2.45876e+08
970250,2.48578e+08
970500,2.5564e+08
970750,2.57246e+08
971000,2.61425e+08
971250,2.64208e+08
971500,2.62403e+08
971750,2.626e+08
972000,2.5956e+08
972250,2.5868e+08
972500,2.54452e+08
972750,2.6048e+08
973000,2.62409e+08
973250,2.65059e+08
973500,2.56333e+08
973750,2.58041e+08
974000,2.57087e+08
974250,2.5666e+08
974500,2.58353e+08
974750,2.54873e+08
975000,2.51289e+08
975250,2.56443e+08
975500,2.57452e+08
975750,2.57277e+08
976000,2.57959e+08
976250,2.51536e+08
976500,2.56875e+08
976750,2.53038e+08
977000,2.5226e+08
977250,2.55539e+08
977500,2.52652e+08
977750,2.55581e+08
978000,2.54947e+08
978250,2.57125e+08
978500,2.57318e+08
978750,2.53454e+08
979000,2.56361e+08
979250,2.52452e+08
979500,2.57434e+08
979750,2.54784e+08
980000,2.55436e+08
980250,2.5636e+08
980500,2.51845e+08
980750,2.60898e+08
981000,2.52725e+08
981250,2.5298e+08
981500,2.54552e+08
981750,2.55588e+08
982000,2.54994e+08
982250,2.59743e+08
982500,2.53612e+08
982750,2.55941e+08
983000,2.5567e+08
983250,2.59174e+08
983500,2.53745e+08
983750,2.56749e+08
984000,2.58379e+08
984250,2.54877e+08
984500,2.5551e+08
984750,2.55995e+08
985000,2.5237e+08
985250,2.55551e+08
985500,2.57841e+08
985750,2.61753e+08
986000,2.49612e+08
986250,2.57702e+08
986500,2.5692e+08
986750,2.60488e+08
987000,2.58386e+08
987250,2.5639e+08
987500,2.59357e+08
987750,2.61311e+08
988000,2.58602e+08
988250,2.53593e+08
988500,2.57277e+08
988750,2.54699e+08
989000,2.56811e+08
989250,2.57317e+08
989500,2.57436e+08
989750,2.60566e+08
990000,2.64166e+08
990250,2.65534e+08
990500,2.60497e+08
990750,2.6086e+08
991000,2.55894e+08
991250,2.5519e+08
991500,2.56288e+08
991750,2.5829e+08
992000,2.6362e+08
992250,2.55695e+08
992500,2.56749e+08
992750,2.60086e+08
993000,2.60084e+08
993250,2.64982e+08
993500,2.59009e+08
993750,2.6688e+08
994000,2.62716e+08
994250,2.59073e+08
994500,2.62148e+08
994750,2.57723e+08
995000,2.61132e+08
995250,2.59818e+08
995500,2.624e+08
995750,2.62628e+08
996000,2.59735e+08
996250,2.59844e+08
996500,2.57557e+08
996750,2.56781e+08
997000,2.61989e+08
997250,2.59929e+08
997500,2.58136e+08
997750,2.56938e+08
998000,2.57844e+08
998250,2.58503e+08
998500,2.59179e+08
998750,2.55268e+08
999000,2.57662e+08
999250,2.56081e+08
999500,2.6016e+08
999750,2.59909e+08
1000000,2.61745e+08
