250,33062
500,66545
750,101811
1000,134712
1250,170500
1500,206998
1750,240710
2000,281217
2250,341370
2500,358000
2750,440695
3000,468448
3250,469158
3500,516637
3750,587961
4000,589954
4250,624330
4500,675445
4750,713055
5000,769381
5250,794623
5500,854190
5750,854730
6000,934420
6250,986197
6500,1.01925e+06
6750,1.07401e+06
7000,1.10378e+06
7250,1.17254e+06
7500,1.15314e+06
7750,1.2332e+06
8000,1.22056e+06
8250,1.3152e+06
8500,1.30781e+06
8750,1.37383e+06
9000,1.46256e+06
9250,1.47706e+06
9500,1.53242e+06
9750,1.57985e+06
10000,1.56946e+06
10250,1.61942e+06
10500,1.73068e+06
10750,1.72942e+06
11000,1.7811e+06
11250,1.77667e+06
11500,1.88281e+06
11750,1.91405e+06
12000,2.00714e+06
12250,2.04309e+06
12500,2.08068e+06
12750,2.10809e+06
13000,2.14511e+06
13250,3.86096e+06
13500,2.14256e+06
13750,2.18531e+06
14000,2.3538e+06
14250,2.36424e+06
14500,2.64738e+06
14750,2.85258e+06
15000,2.42792e+06
15250,2.56163e+06
15500,2.54655e+06
15750,2.60196e+06
16000,3.18753e+06
16250,2.67932e+06
16500,2.97561e+06
16750,2.89351e+06
17000,3.04144e+06
17250,2.8572e+06
17500,2.89816e+06
17750,3.59821e+06
18000,3.0796e+06
18250,3.00415e+06
18500,3.23131e+06
18750,3.14976e+06
19000,3.29498e+06
19250,3.26903e+06
19500,3.24218e+06
19750,3.66835e+06
20000,4.10612e+06
20250,3.84845e+06
20500,3.39245e+06
20750,4.03206e+06
21000,3.51042e+06
21250,3.71423e+06
21500,3.62759e+06
21750,3.69965e+06
22000,4.22802e+06
22250,4.37023e+06
22500,4.02309e+06
22750,3.83094e+06
23000,3.89559e+06
23250,4.15414e+06
23500,3.96633e+06
23750,4.19413e+06
24000,4.18626e+06
24250,4.10582e+06
24500,4.24483e+06
24750,4.8214e+06
25000,4.29117e+06
25250,4.26517e+06
25500,4.52057e+06
25750,5.37584e+06
26000,5.62914e+06
26250,4.48314e+06
26500,5.09526e+06
26750,5.52541e+06
27000,4.97404e+06
27250,5.6946e+06
27500,6.4361e+06
27750,5.93494e+06
28000,6.52806e+06
28250,6.5255e+06
28500,4.83193e+06
28750,5.93208e+06
29000,5.06084e+06
29250,5.78469e+06
29500,7.08565e+06
29750,6.2491e+06
30000,6.67567e+06
30250,7.2321e+06
30500,6.22276e+06
30750,7.47709e+06
31000,5.59843e+06
31250,6.53429e+06
31500,6.32246e+06
31750,7.8014e+06
32000,7.49274e+06
32250,7.11138e+06
32500,7.70558e+06
32750,5.66886e+06
33000,8.14685e+06
33250,7.80747e+06
33500,6.91021e+06
33750,8.00229e+06
34000,6.70132e+06
34250,6.23904e+06
34500,6.46885e+06
34750,8.33314e+06
35000,6.05565e+06
35250,8.44926e+06
35500,8.38716e+06
35750,8.00257e+06
36000,8.08072e+06
36250,8.88304e+06
36500,8.3029e+06
36750,8.70409e+06
37000,8.71854e+06
37250,8.2198e+06
37500,9.44022e+06
37750,9.37635e+06
38000,9.2008e+06
38250,9.1142e+06
38500,9.02503e+06
38750,9.59592e+06
39000,8.79986e+06
39250,9.71788e+06
39500,7.26828e+06
39750,9.24176e+06
40000,7.21523e+06
40250,8.58313e+06
40500,7.94366e+06
40750,9.88622e+06
41000,7.70531e+06
41250,7.26264e+06
41500,8.02627e+06
41750,1.14966e+07
42000,9.26812e+06
42250,9.06851e+06
42500,1.06471e+07
42750,1.05451e+07
43000,7.98548e+06
43250,9.53081e+06
43500,1.13171e+07
43750,1.06285e+07
44000,9.73697e+06
44250,1.08819e+07
44500,1.07833e+07
44750,1.12627e+07
45000,1.34051e+07
45250,9.54571e+06
45500,9.95694e+06
45750,1.12524e+07
46000,1.02544e+07
46250,1.09673e+07
46500,1.0332e+07
46750,1.12524e+07
47000,1.14925e+07
47250,8.3738e+06
47500,8.34408e+06
47750,1.03389e+07
48000,8.87898e+06
48250,1.23895e+07
48500,1.11847e+07
48750,8.90581e+06
49000,1.13693e+07
49250,1.23045e+07
49500,8.78341e+06
49750,8.80074e+06
50000,9.70592e+06
50250,9.20108e+06
50500,8.92713e+06
50750,9.00802e+06
51000,9.0956e+06
51250,1.15322e+07
51500,1.33593e+07
51750,9.06193e+06
52000,9.35636e+06
52250,9.28249e+06
52500,9.24241e+06
52750,1.26415e+07
53000,1.17666e+07
53250,9.76537e+06
53500,1.28068e+07
53750,1.19902e+07
54000,9.94155e+06
54250,1.00976e+07
54500,1.23282e+07
54750,9.81008e+06
55000,9.64977e+06
55250,1.50544e+07
55500,1.25989e+07
55750,1.46473e+07
56000,1.32588e+07
56250,1.51348e+07
56500,1.32639e+07
56750,1.31223e+07
57000,1.47294e+07
57250,1.21433e+07
57500,1.02369e+07
57750,1.04845e+07
58000,1.29838e+07
58250,1.42883e+07
58500,1.33453e+07
58750,1.51865e+07
59000,1.58489e+07
59250,1.24161e+07
59500,1.13937e+07
59750,1.77514e+07
60000,1.58436e+07
60250,1.46678e+07
60500,1.68984e+07
60750,1.71578e+07
61000,1.71499e+07
61250,1.58273e+07
61500,1.6913e+07
61750,1.69866e+07
62000,1.2389e+07
62250,1.28615e+07
62500,1.12291e+07
62750,1.21814e+07
63000,1.20463e+07
63250,1.12904e+07
63500,1.13356e+07
63750,1.54074e+07
64000,1.49596e+07
64250,1.27138e+07
64500,1.43523e+07
64750,1.71921e+07
65000,1.84433e+07
65250,1.51347e+07
65500,1.26223e+07
65750,1.52735e+07
66000,1.55489e+07
66250,1.19163e+07
66500,1.19767e+07
66750,1.6575e+07
67000,1.82743e+07
67250,1.84015e+07
67500,1.75105e+07
67750,1.90012e+07
68000,1.5334e+07
68250,1.9308e+07
68500,1.87063e+07
68750,1.98235e+07
69000,2.0027e+07
69250,2.02385e+07
69500,2.01082e+07
69750,1.26995e+07
70000,1.30162e+07
70250,1.67159e+07
70500,1.2892e+07
70750,1.54778e+07
71000,1.3706e+07
71250,1.45409e+07
71500,1.30827e+07
71750,1.98339e+07
72000,1.75423e+07
72250,1.70247e+07
72500,1.30474e+07
72750,1.39896e+07
73000,1.82923e+07
73250,1.35749e+07
73500,1.74698e+07
73750,1.88888e+07
74000,1.8916e+07
74250,2.10072e+07
74500,2.04455e+07
74750,2.11436e+07
75000,2.12827e+07
75250,1.46734e+07
75500,1.36012e+07
75750,1.38252e+07
76000,1.40524e+07
76250,1.5254e+07
76500,1.58982e+07
76750,1.37914e+07
77000,1.40833e+07
77250,1.41484e+07
77500,1.54597e+07
77750,1.40601e+07
78000,1.68122e+07
78250,1.58656e+07
78500,2.0047e+07
78750,1.52507e+07
79000,1.73747e+07
79250,1.9011e+07
79500,2.25894e+07
79750,1.74724e+07
80000,2.05376e+07
80250,2.22532e+07
80500,1.53356e+07
80750,1.47538e+07
81000,1.49366e+07
81250,1.46942e+07
81500,1.49082e+07
81750,1.68692e+07
82000,1.4692e+07
82250,2.15613e+07
82500,2.24685e+07
82750,2.36274e+07
83000,2.1664e+07
83250,1.64067e+07
83500,2.16172e+07
83750,1.89131e+07
84000,2.47164e+07
84250,1.68091e+07
84500,1.67636e+07
84750,1.62216e+07
85000,1.60735e+07
85250,2.10258e+07
85500,2.3511e+07
85750,1.71139e+07
86000,1.57784e+07
86250,1.57853e+07
86500,1.65947e+07
86750,2.2916e+07
87000,1.78953e+07
87250,2.04915e+07
87500,1.63116e+07
87750,1.62092e+07
88000,1.88172e+07
88250,1.60864e+07
88500,1.61823e+07
88750,1.74771e+07
89000,2.06971e+07
89250,1.83216e+07
89500,1.65661e+07
89750,1.64855e+07
90000,1.65042e+07
90250,1.65146e+07
90500,1.65641e+07
90750,2.23409e+07
91000,2.44075e+07
91250,2.21103e+07
91500,1.7687e+07
91750,1.71613e+07
92000,2.0781e+07
92250,1.68701e+07
92500,1.69151e+07
92750,1.71367e+07
93000,1.73756e+07
93250,2.15915e+07
93500,1.8735e+07
93750,2.04471e+07
94000,1.71601e+07
94250,1.79727e+07
94500,2.05453e+07
94750,2.35804e+07
95000,2.54213e+07
95250,2.35395e+07
95500,1.74559e+07
95750,2.38002e+07
96000,1.92889e+07
96250,1.80367e+07
96500,2.26245e+07
96750,2.70951e+07
97000,2.48643e+07
97250,2.36833e+07
97500,2.82146e+07
97750,2.64663e+07
98000,2.43048e+07
98250,2.83047e+07
98500,2.81933e+07
98750,1.81607e+07
99000,1.84144e+07
99250,2.48969e+07
99500,2.80248e+07
99750,1.83643e+07
100000,1.82362e+07
100250,2.02548e+07
100500,2.47502e+07
100750,2.39169e+07
101000,2.22633e+07
101250,2.42155e+07
101500,1.90743e+07
101750,2.37011e+07
102000,2.722e+07
102250,2.29666e+07
102500,2.42423e+07
102750,2.09427e+07
103000,2.70703e+07
103250,2.88925e+07
103500,2.35818e+07
103750,2.23572e+07
104000,2.23935e+07
104250,1.93882e+07
104500,2.4208e+07
104750,2.13176e+07
105000,2.85892e+07
105250,2.7542e+07
105500,1.95549e+07
105750,1.92891e+07
106000,1.96963e+07
106250,2.50871e+07
106500,2.02375e+07
106750,2.01902e+07
107000,2.04216e+07
107250,2.14876e+07
107500,2.95306e+07
107750,2.71296e+07
108000,2.8987e+07
108250,2.77879e+07
108500,2.22421e+07
108750,2.45438e+07
109000,2.01967e+07
109250,2.19709e+07
109500,2.03899e+07
109750,2.01772e+07
110000,2.73808e+07
110250,2.45735e+07
110500,2.07352e+07
110750,2.20586e+07
111000,2.37065e+07
111250,2.73423e+07
111500,3.15499e+07
111750,3.17173e+07
112000,3.17025e+07
112250,2.16559e+07
112500,2.79083e+07
112750,2.11267e+07
113000,3.26986e+07
113250,3.2684e+07
113500,2.08522e+07
113750,2.09349e+07
114000,2.12476e+07
114250,2.19079e+07
114500,2.10097e+07
114750,2.68976e+07
115000,2.88799e+07
115250,2.94357e+07
115500,2.48191e+07
115750,2.49124e+07
116000,2.159e+07
116250,2.42762e+07
116500,2.42313e+07
116750,2.45728e+07
117000,2.83248e+07
117250,2.73591e+07
117500,2.35904e+07
117750,2.1866e+07
118000,3.10398e+07
118250,2.82186e+07
118500,2.37326e+07
118750,2.23563e+07
119000,2.17632e+07
119250,2.22253e+07
119500,2.20571e+07
119750,2.9475e+07
120000,2.50554e+07
120250,3.02105e+07
120500,3.27143e+07
120750,2.68858e+07
121000,3.14399e+07
121250,2.95607e+07
121500,3.19739e+07
121750,3.1136e+07
122000,3.36599e+07
122250,3.11591e+07
122500,3.32017e+07
122750,3.02577e+07
123000,3.27948e+07
123250,3.22094e+07
123500,3.48656e+07
123750,3.50487e+07
124000,2.60987e+07
124250,2.30443e+07
124500,2.313e+07
124750,2.34329e+07
125000,2.61376e+07
125250,2.30222e+07
125500,2.30972e+07
125750,2.33186e+07
126000,2.3574e+07
126250,2.51563e+07
126500,2.36259e+07
126750,2.36704e+07
127000,2.33508e+07
127250,2.56667e+07
127500,2.56573e+07
127750,3.11033e+07
128000,2.45694e+07
128250,3.23863e+07
128500,2.95989e+07
128750,3.48672e+07
129000,2.63655e+07
129250,2.39233e+07
129500,3.00479e+07
129750,3.20047e+07
130000,3.14365e+07
130250,3.17583e+07
130500,2.38714e+07
130750,2.46478e+07
131000,2.49442e+07
131250,3.01674e+07
131500,3.00457e+07
131750,2.88817e+07
132000,3.41982e+07
132250,2.46422e+07
132500,3.04013e+07
132750,2.99781e+07
133000,3.76058e+07
133250,2.84586e+07
133500,3.20769e+07
133750,2.51911e+07
134000,3.25152e+07
134250,3.82758e+07
134500,3.2381e+07
134750,3.53568e+07
135000,3.72567e+07
135250,3.79165e+07
135500,3.86286e+07
135750,3.53386e+07
136000,3.42127e+07
136250,3.76567e+07
136500,3.81465e+07
136750,2.57157e+07
137000,3.15145e+07
137250,2.59435e+07
137500,3.66636e+07
137750,3.88787e+07
138000,2.59188e+07
138250,2.53656e+07
138500,2.71741e+07
138750,3.80582e+07
139000,3.18596e+07
139250,3.66966e+07
139500,3.88047e+07
139750,3.20751e+07
140000,3.56934e+07
140250,2.88803e+07
140500,2.65434e+07
140750,2.83393e+07
141000,2.79144e+07
141250,2.62266e+07
141500,2.66174e+07
141750,2.6451e+07
142000,3.63028e+07
142250,3.4516e+07
142500,3.73624e+07
142750,2.7226e+07
143000,3.12831e+07
143250,4.13124e+07
143500,2.68765e+07
143750,2.69555e+07
144000,3.90538e+07
144250,4.12534e+07
144500,3.93202e+07
144750,3.80319e+07
145000,3.92586e+07
145250,3.27057e+07
145500,3.97724e+07
145750,3.98476e+07
146000,2.74674e+07
146250,2.78489e+07
146500,2.86717e+07
146750,2.72691e+07
147000,2.79726e+07
147250,4.00603e+07
147500,4.18803e+07
147750,4.06991e+07
148000,4.11576e+07
148250,3.5374e+07
148500,3.82916e+07
148750,4.20493e+07
149000,4.07188e+07
149250,3.98926e+07
149500,3.60186e+07
149750,4.03347e+07
150000,4.14082e+07
150250,3.02998e+07
150500,4.32293e+07
150750,4.46727e+07
151000,4.10029e+07
151250,3.25826e+07
151500,3.77268e+07
151750,3.81325e+07
152000,3.68708e+07
152250,3.84708e+07
152500,4.08541e+07
152750,4.41162e+07
153000,2.94161e+07
153250,3.96995e+07
153500,3.70035e+07
153750,4.35447e+07
154000,4.05914e+07
154250,3.6703e+07
154500,3.71364e+07
154750,4.01363e+07
155000,3.82426e+07
155250,3.43425e+07
155500,4.27309e+07
155750,4.30773e+07
156000,2.92075e+07
156250,3.72783e+07
156500,4.42147e+07
156750,4.39314e+07
157000,2.98328e+07
157250,4.13052e+07
157500,2.95722e+07
157750,3.47862e+07
158000,3.78131e+07
158250,4.18444e+07
158500,4.51763e+07
158750,4.54762e+07
159000,4.44177e+07
159250,4.09312e+07
159500,4.66733e+07
159750,2.97859e+07
160000,4.297e+07
160250,4.15252e+07
160500,3.12972e+07
160750,3.54914e+07
161000,3.9516e+07
161250,4.2129e+07
161500,3.91348e+07
161750,4.59837e+07
162000,3.67074e+07
162250,4.36517e+07
162500,4.28313e+07
162750,4.31804e+07
163000,4.02112e+07
163250,3.9018e+07
163500,3.70476e+07
163750,3.39037e+07
164000,3.77381e+07
164250,4.58142e+07
164500,4.59966e+07
164750,3.92103e+07
165000,4.00886e+07
165250,3.73969e+07
165500,4.03756e+07
165750,3.99085e+07
166000,3.6444e+07
166250,3.92181e+07
166500,4.45521e+07
166750,4.71843e+07
167000,4.25935e+07
167250,4.90854e+07
167500,3.85789e+07
167750,4.32794e+07
168000,4.66801e+07
168250,3.78343e+07
168500,4.39726e+07
168750,3.16769e+07
169000,3.62769e+07
169250,4.19801e+07
169500,4.01709e+07
169750,3.94393e+07
170000,4.39717e+07
170250,4.42378e+07
170500,3.19943e+07
170750,3.53601e+07
171000,4.15318e+07
171250,4.76889e+07
171500,4.9357e+07
171750,4.90454e+07
172000,3.35461e+07
172250,3.66988e+07
172500,3.50307e+07
172750,4.38007e+07
173000,3.29798e+07
173250,4.69154e+07
173500,4.40606e+07
173750,4.73461e+07
174000,3.46137e+07
174250,4.2794e+07
174500,3.93998e+07
174750,4.53685e+07
175000,4.82341e+07
175250,3.82539e+07
175500,4.32795e+07
175750,3.97457e+07
176000,4.86895e+07
176250,4.36586e+07
176500,4.61517e+07
176750,4.32625e+07
177000,4.24494e+07
177250,4.83448e+07
177500,4.08189e+07
177750,4.42571e+07
178000,4.42747e+07
178250,4.91778e+07
178500,4.23928e+07
178750,5.16139e+07
179000,4.70565e+07
179250,3.40304e+07
179500,4.52052e+07
179750,4.109e+07
180000,5.08101e+07
180250,4.18971e+07
180500,3.8743e+07
180750,3.89403e+07
181000,4.91167e+07
181250,4.70147e+07
181500,4.4152e+07
181750,5.07916e+07
182000,4.64393e+07
182250,5.21092e+07
182500,4.69031e+07
182750,4.49225e+07
183000,4.52268e+07
183250,3.46789e+07
183500,4.27271e+07
183750,4.97698e+07
184000,4.91015e+07
184250,4.68669e+07
184500,5.21495e+07
184750,4.65454e+07
185000,4.96312e+07
185250,5.16619e+07
185500,4.86333e+07
185750,4.56568e+07
186000,5.06336e+07
186250,3.6593e+07
186500,3.91681e+07
186750,5.17977e+07
187000,5.05285e+07
187250,5.43311e+07
187500,5.34307e+07
187750,5.59673e+07
188000,5.27263e+07
188250,4.11204e+07
188500,4.9775e+07
188750,5.4766e+07
189000,4.82342e+07
189250,3.61489e+07
189500,4.19615e+07
189750,4.95976e+07
190000,5.45911e+07
190250,5.36313e+07
190500,5.25525e+07
190750,5.66469e+07
191000,3.65401e+07
191250,3.81507e+07
191500,5.12659e+07
191750,4.86448e+07
192000,4.32544e+07
192250,5.11479e+07
192500,4.76023e+07
192750,4.24381e+07
193000,3.83912e+07
193250,5.71885e+07
193500,4.20892e+07
193750,5.1157e+07
194000,4.72877e+07
194250,4.40179e+07
194500,5.16938e+07
194750,4.19069e+07
195000,5.08466e+07
195250,5.77382e+07
195500,5.90272e+07
195750,5.05818e+07
196000,5.68419e+07
196250,5.1806e+07
196500,5.28369e+07
196750,5.32609e+07
197000,5.10898e+07
197250,3.74043e+07
197500,4.02759e+07
197750,5.69281e+07
198000,5.78852e+07
198250,5.21251e+07
198500,4.11696e+07
198750,3.88067e+07
199000,3.98043e+07
199250,3.73693e+07
199500,4.11124e+07
199750,4.17116e+07
200000,4.01184e+07
200250,5.47096e+07
200500,4.29561e+07
200750,4.86861e+07
201000,5.3627e+07
201250,5.58584e+07
201500,4.876e+07
201750,4.57388e+07
202000,3.84214e+07
202250,5.23392e+07
202500,5.52122e+07
202750,3.92404e+07
203000,3.81548e+07
203250,5.26027e+07
203500,5.37324e+07
203750,5.53709e+07
204000,5.44694e+07
204250,5.7329e+07
204500,3.95257e+07
204750,4.05842e+07
205000,5.90553e+07
205250,4.18135e+07
205500,3.95705e+07
205750,3.92286e+07
206000,6.10999e+07
206250,3.96862e+07
206500,3.93471e+07
206750,3.91876e+07
207000,4.27691e+07
207250,4.73148e+07
207500,5.30208e+07
207750,3.95686e+07
208000,6.0331e+07
208250,4.16199e+07
208500,5.50629e+07
208750,5.54782e+07
209000,5.4981e+07
209250,5.33113e+07
209500,5.24071e+07
209750,4.02645e+07
210000,5.46006e+07
210250,5.45383e+07
210500,5.75065e+07
210750,4.88346e+07
211000,4.5187e+07
211250,5.79264e+07
211500,5.41105e+07
211750,5.61664e+07
212000,4.59717e+07
212250,5.00984e+07
212500,4.55317e+07
212750,5.31134e+07
213000,5.03575e+07
213250,5.01899e+07
213500,6.30222e+07
213750,5.23056e+07
214000,4.85821e+07
214250,5.6861e+07
214500,6.11998e+07
214750,5.74764e+07
215000,5.7578e+07
215250,4.51186e+07
215500,4.71479e+07
215750,5.27523e+07
216000,5.99789e+07
216250,5.94596e+07
216500,5.93553e+07
216750,5.57486e+07
217000,4.77044e+07
217250,5.41974e+07
217500,5.55942e+07
217750,5.12174e+07
218000,6.29597e+07
218250,4.82075e+07
218500,5.54278e+07
218750,5.76543e+07
219000,4.90063e+07
219250,4.85437e+07
219500,5.80107e+07
219750,6.01313e+07
220000,4.73227e+07
220250,4.80526e+07
220500,5.82056e+07
220750,5.02528e+07
221000,4.49105e+07
221250,4.66305e+07
221500,5.11327e+07
221750,4.80639e+07
222000,4.58373e+07
222250,5.98966e+07
222500,5.97939e+07
222750,5.77678e+07
223000,4.46234e+07
223250,5.4699e+07
223500,4.47259e+07
223750,4.96729e+07
224000,6.53357e+07
224250,4.55773e+07
224500,5.86471e+07
224750,5.55819e+07
225000,4.37243e+07
225250,4.32853e+07
225500,4.32259e+07
225750,5.6904e+07
226000,6.41779e+07
226250,5.36267e+07
226500,6.19275e+07
226750,6.66101e+07
227000,6.42352e+07
227250,5.01012e+07
227500,6.02168e+07
227750,5.76804e+07
228000,5.93157e+07
228250,6.39161e+07
228500,5.09248e+07
228750,5.3183e+07
229000,6.45021e+07
229250,5.35676e+07
229500,6.37263e+07
229750,5.15529e+07
230000,6.28553e+07
230250,6.72104e+07
230500,6.71897e+07
230750,5.79473e+07
231000,5.63554e+07
231250,6.70622e+07
231500,6.47527e+07
231750,5.76673e+07
232000,6.05351e+07
232250,4.94983e+07
232500,5.02939e+07
232750,5.21917e+07
233000,6.41476e+07
233250,4.56589e+07
233500,4.62572e+07
233750,6.15404e+07
234000,6.04057e+07
234250,6.28658e+07
234500,5.92901e+07
234750,6.26015e+07
235000,6.73382e+07
235250,5.05105e+07
235500,4.69483e+07
235750,6.47716e+07
236000,5.07636e+07
236250,6.29147e+07
236500,6.24307e+07
236750,5.7041e+07
237000,4.81321e+07
237250,5.40741e+07
237500,5.74276e+07
237750,5.89822e+07
238000,5.84593e+07
238250,6.68693e+07
238500,6.40553e+07
238750,6.35079e+07
239000,5.87989e+07
239250,6.92075e+07
239500,6.0224e+07
239750,6.55375e+07
240000,5.46809e+07
240250,6.68317e+07
240500,6.09442e+07
240750,6.85915e+07
241000,6.41467e+07
241250,5.93529e+07
241500,4.73371e+07
241750,6.0723e+07
242000,5.50926e+07
242250,5.12344e+07
242500,6.0008e+07
242750,4.69817e+07
243000,6.02504e+07
243250,6.83304e+07
243500,6.77081e+07
243750,7.01171e+07
244000,6.31666e+07
244250,6.46275e+07
244500,6.52726e+07
244750,5.32231e+07
245000,6.6779e+07
245250,6.85333e+07
245500,5.34623e+07
245750,4.77566e+07
246000,6.4808e+07
246250,5.83041e+07
246500,6.6273e+07
246750,5.81262e+07
247000,7.04628e+07
247250,6.77876e+07
247500,6.87538e+07
247750,6.00987e+07
248000,6.85499e+07
248250,6.97003e+07
248500,5.79556e+07
248750,5.81979e+07
249000,6.70196e+07
249250,6.33645e+07
249500,6.21074e+07
249750,6.36563e+07
250000,5.96626e+07
250250,5.8185e+07
250500,6.22459e+07
250750,6.01997e+07
251000,5.25973e+07
251250,5.91387e+07
251500,5.69305e+07
251750,7.02959e+07
252000,6.6077e+07
252250,6.54758e+07
252500,6.09637e+07
252750,7.38721e+07
253000,6.29812e+07
253250,4.95661e+07
253500,5.60205e+07
253750,5.60766e+07
254000,6.38128e+07
254250,6.41331e+07
254500,5.29571e+07
254750,6.2428e+07
255000,7.35862e+07
255250,6.66772e+07
255500,6.39818e+07
255750,4.95449e+07
256000,5.88979e+07
256250,5.83042e+07
256500,7.62534e+07
256750,7.50787e+07
257000,7.33102e+07
257250,7.08988e+07
257500,6.51016e+07
257750,5.96365e+07
258000,7.27352e+07
258250,5.68141e+07
258500,6.78432e+07
258750,5.70683e+07
259000,5.71332e+07
259250,6.83587e+07
259500,6.50273e+07
259750,6.74991e+07
260000,5.23807e+07
260250,7.02975e+07
260500,5.8197e+07
260750,6.21174e+07
261000,6.9287e+07
261250,7.47698e+07
261500,5.68754e+07
261750,6.05066e+07
262000,5.19214e+07
262250,7.16547e+07
262500,6.94568e+07
262750,7.74243e+07
263000,7.7225e+07
263250,7.19736e+07
263500,7.01372e+07
263750,6.98388e+07
264000,7.05561e+07
264250,7.50181e+07
264500,7.82219e+07
264750,7.79838e+07
265000,7.06786e+07
265250,7.60191e+07
265500,6.84696e+07
265750,6.37665e+07
266000,6.78371e+07
266250,5.91178e+07
266500,7.27953e+07
266750,5.18795e+07
267000,6.3086e+07
267250,6.71046e+07
267500,6.25436e+07
267750,5.28036e+07
268000,6.27164e+07
268250,7.34581e+07
268500,6.42114e+07
268750,5.45538e+07
269000,5.27765e+07
269250,5.8739e+07
269500,5.71194e+07
269750,5.87199e+07
270000,6.18488e+07
270250,7.61815e+07
270500,7.14049e+07
270750,7.15469e+07
271000,6.28572e+07
271250,6.32821e+07
271500,7.71255e+07
271750,8.18518e+07
272000,7.92495e+07
272250,6.64325e+07
272500,7.04803e+07
272750,6.00534e+07
273000,7.0323e+07
273250,7.18373e+07
273500,6.55956e+07
273750,6.96775e+07
274000,8.01068e+07
274250,7.69918e+07
274500,7.00579e+07
274750,5.67024e+07
275000,5.69757e+07
275250,5.513e+07
275500,7.10938e+07
275750,6.06113e+07
276000,6.22465e+07
276250,7.51548e+07
276500,5.55573e+07
276750,7.63205e+07
277000,7.16504e+07
277250,7.23622e+07
277500,6.73998e+07
277750,6.93896e+07
278000,6.39744e+07
278250,6.29182e+07
278500,5.80988e+07
278750,6.3928e+07
279000,6.68159e+07
279250,8.28948e+07
279500,7.93346e+07
279750,6.6977e+07
280000,5.72292e+07
280250,6.88985e+07
280500,7.27643e+07
280750,7.38378e+07
281000,6.86881e+07
281250,8.52979e+07
281500,5.98904e+07
281750,7.56464e+07
282000,7.24126e+07
282250,7.73618e+07
282500,6.5202e+07
282750,8.37125e+07
283000,7.22388e+07
283250,6.8524e+07
283500,6.60204e+07
283750,5.90235e+07
284000,6.19517e+07
284250,7.18915e+07
284500,6.35031e+07
284750,6.539e+07
285000,7.89094e+07
285250,8.17118e+07
285500,7.89959e+07
285750,5.93288e+07
286000,6.63047e+07
286250,8.2438e+07
286500,6.40725e+07
286750,7.41693e+07
287000,5.64329e+07
287250,5.97291e+07
287500,5.75194e+07
287750,7.29637e+07
288000,7.9324e+07
288250,7.09515e+07
288500,5.76486e+07
288750,6.54021e+07
289000,7.46098e+07
289250,8.78259e+07
289500,7.71954e+07
289750,8.11912e+07
290000,6.50495e+07
290250,6.03824e+07
290500,7.2577e+07
290750,7.78388e+07
291000,5.70857e+07
291250,7.63487e+07
291500,7.15647e+07
291750,6.43476e+07
292000,7.69145e+07
292250,8.2302e+07
292500,7.59698e+07
292750,8.31674e+07
293000,8.51267e+07
293250,8.57596e+07
293500,5.82632e+07
293750,8.60056e+07
294000,8.46593e+07
294250,6.72857e+07
294500,5.68573e+07
294750,5.68982e+07
295000,7.81706e+07
295250,7.29102e+07
295500,5.78594e+07
295750,5.86799e+07
296000,5.72219e+07
296250,5.67744e+07
296500,5.98246e+07
296750,6.11346e+07
297000,5.74128e+07
297250,5.67946e+07
297500,6.06174e+07
297750,5.76526e+07
298000,6.3411e+07
298250,6.42167e+07
298500,5.83782e+07
298750,8.06415e+07
299000,7.48009e+07
299250,7.92723e+07
299500,8.83755e+07
299750,5.8177e+07
300000,7.67604e+07
300250,5.84856e+07
300500,7.14378e+07
300750,5.88115e+07
301000,7.09198e+07
301250,7.15041e+07
301500,7.99128e+07
301750,6.79193e+07
302000,5.97172e+07
302250,5.84932e+07
302500,8.50933e+07
302750,7.78717e+07
303000,8.49337e+07
303250,5.88191e+07
303500,5.78866e+07
303750,5.81071e+07
304000,5.79265e+07
304250,6.46931e+07
304500,5.82984e+07
304750,7.3465e+07
305000,6.25186e+07
305250,6.02808e+07
305500,7.0514e+07
305750,8.07633e+07
306000,8.18756e+07
306250,7.55431e+07
306500,8.96519e+07
306750,8.66385e+07
307000,8.44887e+07
307250,7.76558e+07
307500,8.58566e+07
307750,8.85191e+07
308000,7.92323e+07
308250,9.03832e+07
308500,7.20612e+07
308750,6.65574e+07
309000,7.20685e+07
309250,8.44192e+07
309500,8.48551e+07
309750,6.95936e+07
310000,7.81323e+07
310250,7.75239e+07
310500,8.83324e+07
310750,8.21011e+07
311000,8.49189e+07
311250,6.69086e+07
311500,7.49107e+07
311750,8.72021e+07
312000,6.60929e+07
312250,6.18866e+07
312500,6.42315e+07
312750,6.43158e+07
313000,9.28162e+07
313250,7.66143e+07
313500,7.14196e+07
313750,7.32244e+07
314000,8.62263e+07
314250,9.19548e+07
314500,8.84858e+07
314750,8.68692e+07
315000,7.68377e+07
315250,6.439e+07
315500,6.11099e+07
315750,6.14552e+07
316000,6.14162e+07
316250,7.44087e+07
316500,9.16283e+07
316750,7.22952e+07
317000,8.54213e+07
317250,8.9309e+07
317500,6.36898e+07
317750,9.30938e+07
318000,6.92397e+07
318250,7.72303e+07
318500,7.64637e+07
318750,6.10173e+07
319000,8.82996e+07
319250,8.88035e+07
319500,8.11126e+07
319750,6.70598e+07
320000,9.24413e+07
320250,6.55076e+07
320500,7.23414e+07
320750,6.4057e+07
321000,6.41227e+07
321250,6.23966e+07
321500,6.26217e+07
321750,8.29843e+07
322000,6.14042e+07
322250,6.20928e+07
322500,8.22858e+07
322750,6.24633e+07
323000,9.28336e+07
323250,6.26944e+07
323500,6.30946e+07
323750,6.30507e+07
324000,9.44605e+07
324250,9.52283e+07
324500,7.38059e+07
324750,8.69276e+07
325000,7.13753e+07
325250,9.59741e+07
325500,7.92162e+07
325750,7.96944e+07
326000,7.01037e+07
326250,6.33448e+07
326500,8.59588e+07
326750,9.20673e+07
327000,7.78423e+07
327250,8.87138e+07
327500,8.89893e+07
327750,6.37365e+07
328000,6.4814e+07
328250,6.34072e+07
328500,8.22231e+07
328750,7.4099e+07
329000,9.46916e+07
329250,7.82976e+07
329500,9.72885e+07
329750,9.79753e+07
330000,6.45301e+07
330250,7.48534e+07
330500,7.80102e+07
330750,8.51799e+07
331000,6.50389e+07
331250,6.30573e+07
331500,7.47918e+07
331750,9.39776e+07
332000,8.86164e+07
332250,8.88642e+07
332500,9.23911e+07
332750,8.70024e+07
333000,1.00451e+08
333250,8.03312e+07
333500,7.50426e+07
333750,7.64774e+07
334000,6.58519e+07
334250,8.34318e+07
334500,7.45696e+07
334750,1.00352e+08
335000,9.91105e+07
335250,9.59649e+07
335500,6.58564e+07
335750,8.44765e+07
336000,9.13444e+07
336250,7.285e+07
336500,8.03942e+07
336750,9.5795e+07
337000,9.55151e+07
337250,8.77508e+07
337500,7.70715e+07
337750,9.00918e+07
338000,8.90064e+07
338250,9.92242e+07
338500,7.99013e+07
338750,6.7723e+07
339000,9.0438e+07
339250,8.83446e+07
339500,9.89771e+07
339750,9.79857e+07
340000,9.51378e+07
340250,9.20198e+07
340500,9.98447e+07
340750,1.00618e+08
341000,6.92268e+07
341250,9.32008e+07
341500,1.02921e+08
341750,7.77346e+07
342000,1.01322e+08
342250,9.24953e+07
342500,8.11514e+07
342750,8.2389e+07
343000,6.67971e+07
343250,9.66053e+07
343500,9.94093e+07
343750,1.03726e+08
344000,7.25664e+07
344250,9.17016e+07
344500,1.01539e+08
344750,7.76503e+07
345000,9.81471e+07
345250,8.02337e+07
345500,7.0442e+07
345750,6.95723e+07
346000,6.77447e+07
346250,6.72357e+07
346500,1.02655e+08
346750,9.10293e+07
347000,6.72262e+07
347250,7.10653e+07
347500,8.83263e+07
347750,1.01271e+08
348000,7.60118e+07
348250,7.38522e+07
348500,7.63865e+07
348750,6.9518e+07
349000,6.7162e+07
349250,6.77162e+07
349500,8.1969e+07
349750,8.71672e+07
350000,6.68083e+07
350250,8.5244e+07
350500,6.69336e+07
350750,6.90956e+07
351000,6.69097e+07
351250,8.39037e+07
351500,6.83662e+07
351750,6.76655e+07
352000,7.67012e+07
352250,1.04557e+08
352500,1.028e+08
352750,1.03337e+08
353000,1.02619e+08
353250,7.24733e+07
353500,6.73987e+07
353750,6.69383e+07
354000,6.8717e+07
354250,7.89004e+07
354500,7.04333e+07
354750,9.33244e+07
355000,7.09981e+07
355250,6.67591e+07
355500,7.40817e+07
355750,6.85398e+07
356000,6.80291e+07
356250,6.84883e+07
356500,6.83689e+07
356750,6.7985e+07
357000,6.76057e+07
357250,7.75782e+07
357500,9.34346e+07
357750,7.85092e+07
358000,7.67464e+07
358250,6.88641e+07
358500,8.17133e+07
358750,1.00783e+08
359000,9.99905e+07
359250,1.00996e+08
359500,1.01655e+08
359750,8.23108e+07
360000,7.71373e+07
360250,1.01814e+08
360500,1.00672e+08
360750,8.88695e+07
361000,6.92218e+07
361250,6.87946e+07
361500,6.88787e+07
361750,6.87989e+07
362000,6.85605e+07
362250,6.85243e+07
362500,6.89641e+07
362750,6.99978e+07
363000,6.94965e+07
363250,8.30254e+07
363500,9.02884e+07
363750,7.00026e+07
364000,8.68686e+07
364250,1.02801e+08
364500,1.09553e+08
364750,1.09824e+08
365000,1.09569e+08
365250,7.098e+07
365500,7.11376e+07
365750,7.14904e+07
366000,6.98058e+07
366250,9.65949e+07
366500,1.09019e+08
366750,6.96661e+07
367000,7.04697e+07
367250,7.11528e+07
367500,7.08025e+07
367750,7.86164e+07
368000,7.00667e+07
368250,7.04532e+07
368500,6.96426e+07
368750,9.10823e+07
369000,1.02508e+08
369250,1.0245e+08
369500,1.02577e+08
369750,7.6362e+07
370000,7.0884e+07
370250,7.13371e+07
370500,7.17089e+07
370750,7.5064e+07
371000,9.59787e+07
371250,8.88043e+07
371500,7.15345e+07
371750,9.10092e+07
372000,8.1262e+07
372250,9.90447e+07
372500,7.15667e+07
372750,7.00193e+07
373000,7.14132e+07
373250,7.15446e+07
373500,7.07041e+07
373750,7.0972e+07
374000,7.20101e+07
374250,8.20031e+07
374500,1.09567e+08
374750,1.00602e+08
375000,1.05334e+08
375250,1.0064e+08
375500,9.97926e+07
375750,8.74208e+07
376000,7.61748e+07
376250,8.98232e+07
376500,8.43498e+07
376750,8.44701e+07
377000,1.06771e+08
377250,7.31141e+07
377500,8.71214e+07
377750,1.03192e+08
378000,1.00842e+08
378250,9.10149e+07
378500,1.12021e+08
378750,9.20189e+07
379000,8.18441e+07
379250,9.51829e+07
379500,8.23901e+07
379750,7.25445e+07
380000,7.28652e+07
380250,8.27893e+07
380500,7.40055e+07
380750,7.42267e+07
381000,7.34379e+07
381250,1.06716e+08
381500,9.72504e+07
381750,8.31562e+07
382000,7.99053e+07
382250,1.07098e+08
382500,1.00442e+08
382750,9.16866e+07
383000,9.41661e+07
383250,9.53344e+07
383500,9.39991e+07
383750,8.81568e+07
384000,8.27836e+07
384250,1.03501e+08
384500,7.69137e+07
384750,8.50301e+07
385000,8.65974e+07
385250,8.33254e+07
385500,9.54336e+07
385750,1.07734e+08
386000,1.10054e+08
386250,1.16857e+08
386500,9.22536e+07
386750,8.19884e+07
387000,8.07084e+07
387250,1.14121e+08
387500,1.08292e+08
387750,1.09939e+08
388000,1.09359e+08
388250,1.10222e+08
388500,9.10149e+07
388750,1.02862e+08
389000,1.13108e+08
389250,1.13515e+08
389500,1.15262e+08
389750,1.01332e+08
390000,1.15947e+08
390250,8.46666e+07
390500,8.93889e+07
390750,1.02126e+08
391000,9.84782e+07
391250,1.11675e+08
391500,8.88471e+07
391750,8.88254e+07
392000,7.8688e+07
392250,9.95115e+07
392500,1.11263e+08
392750,1.00738e+08
393000,1.03235e+08
393250,7.76063e+07
393500,9.28259e+07
393750,1.01849e+08
394000,1.04228e+08
394250,9.12644e+07
394500,1.0502e+08
394750,1.04896e+08
395000,1.04295e+08
395250,1.01766e+08
395500,1.17173e+08
395750,1.01702e+08
396000,1.12577e+08
396250,1.06777e+08
396500,9.23848e+07
396750,9.58685e+07
397000,1.10539e+08
397250,1.04069e+08
397500,9.94497e+07
397750,9.73765e+07
398000,1.08432e+08
398250,1.13058e+08
398500,1.12206e+08
398750,7.71935e+07
399000,9.73387e+07
399250,9.98477e+07
399500,1.06998e+08
399750,1.10506e+08
400000,1.12343e+08
400250,1.07726e+08
400500,1.06232e+08
400750,1.00836e+08
401000,1.00488e+08
401250,1.09179e+08
401500,1.04929e+08
401750,1.12452e+08
402000,1.01603e+08
402250,1.10822e+08
402500,1.02809e+08
402750,7.86352e+07
403000,1.07705e+08
403250,1.09087e+08
403500,1.11062e+08
403750,1.08725e+08
404000,1.09001e+08
404250,1.23264e+08
404500,1.04393e+08
404750,9.61894e+07
405000,1.19794e+08
405250,1.07509e+08
405500,1.11572e+08
405750,7.83888e+07
406000,9.71483e+07
406250,1.1224e+08
406500,1.12622e+08
406750,1.06465e+08
407000,9.54432e+07
407250,1.11452e+08
407500,1.0887e+08
407750,1.08142e+08
408000,1.08855e+08
408250,1.08637e+08
408500,1.08992e+08
408750,1.04996e+08
409000,1.04931e+08
409250,8.08558e+07
409500,7.92332e+07
409750,1.07985e+08
410000,9.36126e+07
410250,1.05515e+08
410500,1.11653e+08
410750,1.16516e+08
411000,1.10973e+08
411250,1.02256e+08
411500,9.47956e+07
411750,1.16103e+08
412000,1.22398e+08
412250,1.03333e+08
412500,1.16035e+08
412750,1.03656e+08
413000,9.52694e+07
413250,1.08284e+08
413500,1.12307e+08
413750,1.12053e+08
414000,9.75014e+07
414250,9.10956e+07
414500,8.6261e+07
414750,1.17912e+08
415000,1.22458e+08
415250,8.07473e+07
415500,9.98322e+07
415750,8.7823e+07
416000,1.00464e+08
416250,8.76101e+07
416500,1.27483e+08
416750,1.26883e+08
417000,1.17297e+08
417250,9.54121e+07
417500,1.13109e+08
417750,1.1586e+08
418000,8.93178e+07
418250,1.19003e+08
418500,1.18023e+08
418750,1.13157e+08
419000,9.79613e+07
419250,8.84267e+07
419500,1.0011e+08
419750,1.12772e+08
420000,1.02914e+08
420250,8.64112e+07
420500,1.03347e+08
420750,1.19122e+08
421000,1.19151e+08
421250,1.17995e+08
421500,1.19929e+08
421750,1.18909e+08
422000,1.06282e+08
422250,1.1282e+08
422500,1.05588e+08
422750,9.69281e+07
423000,8.33013e+07
423250,1.19952e+08
423500,1.14891e+08
423750,9.82899e+07
424000,9.88094e+07
424250,1.14024e+08
424500,8.87272e+07
424750,1.04497e+08
425000,1.21093e+08
425250,1.20875e+08
425500,1.02415e+08
425750,9.83214e+07
426000,1.28867e+08
426250,1.13177e+08
426500,1.04516e+08
426750,1.16453e+08
427000,1.2719e+08
427250,1.27111e+08
427500,1.17597e+08
427750,1.29646e+08
428000,1.30083e+08
428250,1.20616e+08
428500,1.14065e+08
428750,1.19563e+08
429000,1.25932e+08
429250,1.26945e+08
429500,1.16927e+08
429750,1.14322e+08
430000,1.07294e+08
430250,1.04457e+08
430500,9.35085e+07
430750,1.2062e+08
431000,1.1427e+08
431250,1.00318e+08
431500,9.5236e+07
431750,9.31642e+07
432000,1.18428e+08
432250,1.09786e+08
432500,1.1772e+08
432750,1.02225e+08
433000,8.87217e+07
433250,1.15939e+08
433500,1.16449e+08
433750,1.15681e+08
434000,1.12343e+08
434250,1.3174e+08
434500,1.05164e+08
434750,1.29205e+08
435000,8.43041e+07
435250,1.15257e+08
435500,1.02207e+08
435750,1.12198e+08
436000,1.1662e+08
436250,1.07009e+08
436500,1.15101e+08
436750,8.51708e+07
437000,1.12111e+08
437250,1.25468e+08
437500,1.2398e+08
437750,1.30985e+08
438000,1.31053e+08
438250,1.29322e+08
438500,1.13007e+08
438750,1.24135e+08
439000,1.0027e+08
439250,1.11761e+08
439500,1.32241e+08
439750,1.33749e+08
440000,9.85399e+07
440250,1.1523e+08
440500,8.85538e+07
440750,1.19744e+08
441000,1.2218e+08
441250,1.06607e+08
441500,1.06855e+08
441750,1.00004e+08
442000,1.05868e+08
442250,1.15941e+08
442500,1.25635e+08
442750,1.13001e+08
443000,1.27643e+08
443250,9.83439e+07
443500,9.04496e+07
443750,9.65726e+07
444000,1.14029e+08
444250,1.1234e+08
444500,8.62736e+07
444750,1.04424e+08
445000,1.1625e+08
445250,1.1891e+08
445500,1.14711e+08
445750,1.00087e+08
446000,8.73457e+07
446250,9.54422e+07
446500,1.27146e+08
446750,1.17228e+08
447000,1.287e+08
447250,1.19536e+08
447500,9.8425e+07
447750,9.7008e+07
448000,1.26836e+08
448250,1.21057e+08
448500,1.19236e+08
448750,1.2181e+08
449000,1.15018e+08
449250,1.0386e+08
449500,9.57427e+07
449750,1.28606e+08
450000,1.02937e+08
450250,1.28056e+08
450500,1.05004e+08
450750,9.81493e+07
451000,1.01921e+08
451250,1.15083e+08
451500,1.29355e+08
451750,1.18927e+08
452000,1.20443e+08
452250,1.20619e+08
452500,1.20948e+08
452750,1.19499e+08
453000,1.21214e+08
453250,1.15993e+08
453500,1.21081e+08
453750,1.2319e+08
454000,1.2346e+08
454250,1.05094e+08
454500,1.21735e+08
454750,1.22836e+08
455000,1.22824e+08
455250,1.1845e+08
455500,1.19995e+08
455750,8.98215e+07
456000,9.12489e+07
456250,8.92318e+07
456500,1.2937e+08
456750,1.30233e+08
457000,1.29929e+08
457250,1.26235e+08
457500,1.07445e+08
457750,1.37828e+08
458000,1.14554e+08
458250,1.22411e+08
458500,1.22811e+08
458750,1.23545e+08
459000,1.18088e+08
459250,1.22308e+08
459500,1.00919e+08
459750,9.138e+07
460000,1.2606e+08
460250,1.07173e+08
460500,9.19713e+07
460750,9.17618e+07
461000,8.96789e+07
461250,1.17503e+08
461500,1.30781e+08
461750,1.02057e+08
462000,1.18438e+08
462250,1.29977e+08
462500,1.31764e+08
462750,1.31695e+08
463000,1.26326e+08
463250,1.16499e+08
463500,1.32958e+08
463750,1.27685e+08
464000,9.80601e+07
464250,1.32756e+08
464500,1.21205e+08
464750,1.31657e+08
465000,1.33819e+08
465250,9.10381e+07
465500,1.2632e+08
465750,1.17778e+08
466000,1.31521e+08
466250,1.322e+08
466500,1.31907e+08
466750,1.32421e+08
467000,1.16088e+08
467250,1.12594e+08
467500,1.0274e+08
467750,1.27682e+08
468000,1.27249e+08
468250,9.22559e+07
468500,8.98261e+07
468750,1.01521e+08
469000,1.24509e+08
469250,1.21549e+08
469500,1.27171e+08
469750,1.28534e+08
470000,1.30033e+08
470250,1.33819e+08
470500,1.3467e+08
470750,1.25541e+08
471000,9.14309e+07
471250,9.74369e+07
471500,1.04973e+08
471750,1.26023e+08
472000,1.26963e+08
472250,1.0911e+08
472500,1.35043e+08
472750,1.33842e+08
473000,1.33932e+08
473250,1.15534e+08
473500,1.12165e+08
473750,1.16326e+08
474000,1.13889e+08
474250,1.29846e+08
474500,9.72331e+07
474750,9.26331e+07
475000,1.22722e+08
475250,1.14844e+08
475500,1.4281e+08
475750,1.12851e+08
476000,9.15688e+07
476250,9.2691e+07
476500,9.36846e+07
476750,9.21569e+07
477000,1.33641e+08
477250,1.08746e+08
477500,9.3791e+07
477750,1.00079e+08
478000,1.10046e+08
478250,9.7782e+07
478500,9.31187e+07
478750,9.27574e+07
479000,1.12345e+08
479250,1.18147e+08
479500,1.1824e+08
479750,9.90567e+07
480000,1.03137e+08
480250,9.45381e+07
480500,9.47042e+07
480750,1.02605e+08
481000,9.53293e+07
481250,1.03469e+08
481500,1.29571e+08
481750,9.37682e+07
482000,9.43389e+07
482250,1.01917e+08
482500,1.37234e+08
482750,1.3729e+08
483000,1.3698e+08
483250,1.19978e+08
483500,9.54872e+07
483750,1.41598e+08
484000,1.29606e+08
484250,1.23579e+08
484500,1.47334e+08
484750,1.47339e+08
485000,1.12919e+08
485250,1.20466e+08
485500,1.34786e+08
485750,1.48105e+08
486000,1.28845e+08
486250,1.30004e+08
486500,1.48057e+08
486750,1.24215e+08
487000,1.27799e+08
487250,1.34721e+08
487500,9.64896e+07
487750,1.28422e+08
488000,1.29795e+08
488250,1.29359e+08
488500,1.30332e+08
488750,1.25919e+08
489000,1.01413e+08
489250,9.74568e+07
489500,9.4452e+07
489750,9.51771e+07
490000,9.53239e+07
490250,9.57825e+07
490500,1.05025e+08
490750,9.61831e+07
491000,1.10144e+08
491250,1.36473e+08
491500,9.47078e+07
491750,9.57054e+07
492000,9.73678e+07
492250,1.41144e+08
492500,1.39407e+08
492750,1.23205e+08
493000,1.45234e+08
493250,1.15356e+08
493500,1.17516e+08
493750,9.63205e+07
494000,9.60577e+07
494250,9.63608e+07
494500,9.5943e+07
494750,1.4819e+08
495000,1.13573e+08
495250,9.98559e+07
495500,1.00835e+08
495750,9.84344e+07
496000,1.09366e+08
496250,1.31997e+08
496500,1.1284e+08
496750,9.75808e+07
497000,9.73221e+07
497250,1.03229e+08
497500,1.2654e+08
497750,1.33103e+08
498000,9.6539e+07
498250,9.73157e+07
498500,1.42156e+08
498750,1.33024e+08
499000,1.28763e+08
499250,9.73312e+07
499500,9.94071e+07
499750,1.06237e+08
500000,1.3344e+08
500250,1.33456e+08
500500,1.33968e+08
500750,1.01155e+08
501000,1.32955e+08
501250,1.03115e+08
501500,1.28852e+08
501750,1.49985e+08
502000,1.50122e+08
502250,1.49601e+08
502500,1.41582e+08
502750,1.23419e+08
503000,1.47978e+08
503250,1.38281e+08
503500,1.35456e+08
503750,1.36058e+08
504000,1.37829e+08
504250,1.38068e+08
504500,1.36486e+08
504750,1.0623e+08
505000,1.26145e+08
505250,9.97413e+07
505500,9.78611e+07
505750,9.88407e+07
506000,1.08604e+08
506250,1.10484e+08
506500,1.04523e+08
506750,1.1376e+08
507000,9.83952e+07
507250,1.16475e+08
507500,1.36119e+08
507750,1.14774e+08
508000,9.98244e+07
508250,9.97565e+07
508500,1.00575e+08
508750,1.10121e+08
509000,1.20009e+08
509250,1.29065e+08
509500,1.40152e+08
509750,1.51704e+08
510000,1.25774e+08
510250,1.30178e+08
510500,1.27974e+08
510750,1.07533e+08
511000,1.46329e+08
511250,1.4779e+08
511500,1.46012e+08
511750,1.22003e+08
512000,1.18243e+08
512250,1.44745e+08
512500,1.55871e+08
512750,1.44758e+08
513000,1.38198e+08
513250,1.02131e+08
513500,1.07587e+08
513750,1.22096e+08
514000,1.11734e+08
514250,1.03683e+08
514500,1.02833e+08
514750,1.00645e+08
515000,1.01152e+08
515250,1.00991e+08
515500,9.89431e+07
515750,1.1061e+08
516000,1.40458e+08
516250,1.36611e+08
516500,1.39498e+08
516750,1.5433e+08
517000,1.56001e+08
517250,1.52402e+08
517500,1.01369e+08
517750,1.00627e+08
518000,1.45648e+08
518250,1.03719e+08
518500,1.57874e+08
518750,1.46208e+08
519000,1.37919e+08
519250,1.2083e+08
519500,1.46127e+08
519750,1.47226e+08
520000,1.46732e+08
520250,1.00603e+08
520500,1.01036e+08
520750,1.01008e+08
521000,1.09064e+08
521250,1.04978e+08
521500,1.21637e+08
521750,1.31381e+08
522000,1.48715e+08
522250,1.52304e+08
522500,1.60539e+08
522750,1.21962e+08
523000,1.40511e+08
523250,1.43729e+08
523500,1.29073e+08
523750,1.40402e+08
524000,1.39641e+08
524250,1.3365e+08
524500,1.36783e+08
524750,1.24578e+08
525000,1.2541e+08
525250,1.50429e+08
525500,1.49158e+08
525750,1.49086e+08
526000,1.5025e+08
526250,1.3695e+08
526500,1.39943e+08
526750,1.3759e+08
527000,1.43386e+08
527250,1.44115e+08
527500,1.02787e+08
527750,1.06708e+08
528000,1.56683e+08
528250,1.26802e+08
528500,1.40544e+08
528750,1.02931e+08
529000,1.05246e+08
529250,1.05207e+08
529500,1.03475e+08
529750,1.02431e+08
530000,1.62254e+08
530250,1.35199e+08
530500,1.51191e+08
530750,1.51022e+08
531000,1.19796e+08
531250,1.47604e+08
531500,1.4721e+08
531750,1.5313e+08
532000,1.40183e+08
532250,1.51354e+08
532500,1.5203e+08
532750,1.08425e+08
533000,1.03283e+08
533250,1.27774e+08
533500,1.30478e+08
533750,1.05988e+08
534000,1.04822e+08
534250,1.35628e+08
534500,1.18728e+08
534750,1.36378e+08
535000,1.19389e+08
535250,1.37381e+08
535500,1.35952e+08
535750,1.22932e+08
536000,1.05939e+08
536250,1.52495e+08
536500,1.44255e+08
536750,1.12962e+08
537000,1.04029e+08
537250,1.61228e+08
537500,1.06326e+08
537750,1.05121e+08
538000,1.44463e+08
538250,1.21647e+08
538500,1.46953e+08
538750,1.40612e+08
539000,1.26622e+08
539250,1.44069e+08
539500,1.43483e+08
539750,1.45032e+08
540000,1.44883e+08
540250,1.40806e+08
540500,1.46887e+08
540750,1.62162e+08
541000,1.62313e+08
541250,1.61974e+08
541500,1.62416e+08
541750,1.46766e+08
542000,1.46682e+08
542250,1.3502e+08
542500,1.55793e+08
542750,1.54601e+08
543000,1.10535e+08
543250,1.39014e+08
543500,1.36768e+08
543750,1.38353e+08
544000,1.25425e+08
544250,1.48936e+08
544500,1.49276e+08
544750,1.48875e+08
545000,1.49475e+08
545250,1.19239e+08
545500,1.39387e+08
545750,1.40998e+08
546000,1.15788e+08
546250,1.46136e+08
546500,1.44956e+08
546750,1.14088e+08
547000,1.42165e+08
547250,1.23184e+08
547500,1.19483e+08
547750,1.27948e+08
548000,1.51789e+08
548250,1.32717e+08
548500,1.253e+08
548750,1.56001e+08
549000,1.08102e+08
549250,1.09093e+08
549500,1.10788e+08
549750,1.07404e+08
550000,1.06751e+08
550250,1.06718e+08
550500,1.08656e+08
550750,1.07118e+08
551000,1.21302e+08
551250,1.56795e+08
551500,1.57733e+08
551750,1.50178e+08
552000,1.2683e+08
552250,1.4728e+08
552500,1.16141e+08
552750,1.17493e+08
553000,1.08475e+08
553250,1.08411e+08
553500,1.3081e+08
553750,1.47851e+08
554000,1.41731e+08
554250,1.15108e+08
554500,1.14555e+08
554750,1.08566e+08
555000,1.27318e+08
555250,1.09359e+08
555500,1.59428e+08
555750,1.28932e+08
556000,1.16824e+08
556250,1.43349e+08
556500,1.57278e+08
556750,1.59948e+08
557000,1.50298e+08
557250,1.5011e+08
557500,1.50767e+08
557750,1.57076e+08
558000,1.33705e+08
558250,1.09333e+08
558500,1.13287e+08
558750,1.09131e+08
559000,1.08111e+08
559250,1.09135e+08
559500,1.12671e+08
559750,1.09544e+08
560000,1.14697e+08
560250,1.59817e+08
560500,1.50426e+08
560750,1.54461e+08
561000,1.52371e+08
561250,1.52902e+08
561500,1.15491e+08
561750,1.1888e+08
562000,1.38987e+08
562250,1.5729e+08
562500,1.45868e+08
562750,1.53952e+08
563000,1.57699e+08
563250,1.3273e+08
563500,1.50706e+08
563750,1.52803e+08
564000,1.53668e+08
564250,1.59869e+08
564500,1.70027e+08
564750,1.53323e+08
565000,1.60227e+08
565250,1.62036e+08
565500,1.60638e+08
565750,1.47109e+08
566000,1.10792e+08
566250,1.19415e+08
566500,1.10164e+08
566750,1.11019e+08
567000,1.10481e+08
567250,1.56283e+08
567500,1.50473e+08
567750,1.29865e+08
568000,1.38392e+08
568250,1.49812e+08
568500,1.53551e+08
568750,1.40096e+08
569000,1.56777e+08
569250,1.56419e+08
569500,1.46918e+08
569750,1.41797e+08
570000,1.47765e+08
570250,1.45948e+08
570500,1.51971e+08
570750,1.5307e+08
571000,1.16956e+08
571250,1.59059e+08
571500,1.31985e+08
571750,1.70711e+08
572000,1.5463e+08
572250,1.53941e+08
572500,1.54885e+08
572750,1.18583e+08
573000,1.12826e+08
573250,1.22166e+08
573500,1.24589e+08
573750,1.53398e+08
574000,1.49927e+08
574250,1.705e+08
574500,1.1916e+08
574750,1.13152e+08
575000,1.12947e+08
575250,1.12677e+08
575500,1.1241e+08
575750,1.53907e+08
576000,1.12769e+08
576250,1.14058e+08
576500,1.14171e+08
576750,1.3155e+08
577000,1.34857e+08
577250,1.64341e+08
577500,1.64922e+08
577750,1.45188e+08
578000,1.45433e+08
578250,1.66565e+08
578500,1.74195e+08
578750,1.72785e+08
579000,1.47491e+08
579250,1.2359e+08
579500,1.24213e+08
579750,1.26917e+08
580000,1.66118e+08
580250,1.2369e+08
580500,1.65981e+08
580750,1.66206e+08
581000,1.44889e+08
581250,1.3904e+08
581500,1.19146e+08
581750,1.14046e+08
582000,1.13082e+08
582250,1.1338e+08
582500,1.32426e+08
582750,1.15136e+08
583000,1.36678e+08
583250,1.66633e+08
583500,1.15525e+08
583750,1.39838e+08
584000,1.56686e+08
584250,1.34155e+08
584500,1.31619e+08
584750,1.24732e+08
585000,1.15103e+08
585250,1.17981e+08
585500,1.14117e+08
585750,1.13734e+08
586000,1.14117e+08
586250,1.24299e+08
586500,1.29528e+08
586750,1.57861e+08
587000,1.57753e+08
587250,1.57555e+08
587500,1.56532e+08
587750,1.52577e+08
588000,1.52948e+08
588250,1.57361e+08
588500,1.58202e+08
588750,1.57283e+08
589000,1.13855e+08
589250,1.44679e+08
589500,1.20028e+08
589750,1.22559e+08
590000,1.5902e+08
590250,1.57557e+08
590500,1.57665e+08
590750,1.57819e+08
591000,1.33063e+08
591250,1.38841e+08
591500,1.60026e+08
591750,1.69523e+08
592000,1.69182e+08
592250,1.67815e+08
592500,1.6156e+08
592750,1.68324e+08
593000,1.21851e+08
593250,1.58616e+08
593500,1.59623e+08
593750,1.42302e+08
594000,1.57369e+08
594250,1.60051e+08
594500,1.24628e+08
594750,1.51638e+08
595000,1.57083e+08
595250,1.47339e+08
595500,1.18741e+08
595750,1.23455e+08
596000,1.46351e+08
596250,1.61948e+08
596500,1.63459e+08
596750,1.62026e+08
597000,1.62091e+08
597250,1.31514e+08
597500,1.49378e+08
597750,1.69426e+08
598000,1.69817e+08
598250,1.16913e+08
598500,1.16599e+08
598750,1.16856e+08
599000,1.32249e+08
599250,1.58497e+08
599500,1.23255e+08
599750,1.24963e+08
600000,1.18132e+08
600250,1.48999e+08
600500,1.27899e+08
600750,1.50814e+08
601000,1.6129e+08
601250,1.16706e+08
601500,1.16255e+08
601750,1.16816e+08
602000,1.17802e+08
602250,1.18227e+08
602500,1.18989e+08
602750,1.33396e+08
603000,1.18652e+08
603250,1.18029e+08
603500,1.4643e+08
603750,1.71757e+08
604000,1.18223e+08
604250,1.19706e+08
604500,1.38166e+08
604750,1.41086e+08
605000,1.66026e+08
605250,1.71618e+08
605500,1.71587e+08
605750,1.30014e+08
606000,1.18367e+08
606250,1.18054e+08
606500,1.18075e+08
606750,1.17974e+08
607000,1.17527e+08
607250,1.57801e+08
607500,1.3758e+08
607750,1.68579e+08
608000,1.63674e+08
608250,1.63463e+08
608500,1.63625e+08
608750,1.51362e+08
609000,1.34117e+08
609250,1.19772e+08
609500,1.21269e+08
609750,1.20461e+08
610000,1.43976e+08
610250,1.62731e+08
610500,1.18471e+08
610750,1.32762e+08
611000,1.66773e+08
611250,1.26045e+08
611500,1.55857e+08
611750,1.5519e+08
612000,1.20524e+08
612250,1.1984e+08
612500,1.21582e+08
612750,1.52362e+08
613000,1.64396e+08
613250,1.203e+08
613500,1.37686e+08
613750,1.42036e+08
614000,1.25211e+08
614250,1.66126e+08
614500,1.65127e+08
614750,1.65358e+08
615000,1.6131e+08
615250,1.46178e+08
615500,1.19983e+08
615750,1.2065e+08
616000,1.19713e+08
616250,1.21197e+08
616500,1.19852e+08
616750,1.68828e+08
617000,1.30449e+08
617250,1.20387e+08
617500,1.43834e+08
617750,1.57923e+08
618000,1.75877e+08
618250,1.21555e+08
618500,1.20789e+08
618750,1.21909e+08
619000,1.22367e+08
619250,1.60963e+08
619500,1.65734e+08
619750,1.6603e+08
620000,1.67356e+08
620250,1.2065e+08
620500,1.50221e+08
620750,1.21898e+08
621000,1.47189e+08
621250,1.26672e+08
621500,1.53021e+08
621750,1.45655e+08
622000,1.21389e+08
622250,1.56159e+08
622500,1.22346e+08
622750,1.79353e+08
623000,1.74415e+08
623250,1.60591e+08
623500,1.24237e+08
623750,1.50597e+08
624000,1.61099e+08
624250,1.51708e+08
624500,1.72427e+08
624750,1.63561e+08
625000,1.45722e+08
625250,1.57973e+08
625500,1.38733e+08
625750,1.21878e+08
626000,1.23856e+08
626250,1.25037e+08
626500,1.23897e+08
626750,1.31133e+08
627000,1.22343e+08
627250,1.67529e+08
627500,1.49758e+08
627750,1.44591e+08
628000,1.22921e+08
628250,1.52295e+08
628500,1.68532e+08
628750,1.25781e+08
629000,1.5173e+08
629250,1.70083e+08
629500,1.31095e+08
629750,1.44614e+08
630000,1.69866e+08
630250,1.80428e+08
630500,1.8038e+08
630750,1.79568e+08
631000,1.79993e+08
631250,1.26758e+08
631500,1.26715e+08
631750,1.3628e+08
632000,1.60176e+08
632250,1.44352e+08
632500,1.52261e+08
632750,1.33147e+08
633000,1.31137e+08
633250,1.28475e+08
633500,1.70782e+08
633750,1.25202e+08
634000,1.48107e+08
634250,1.25208e+08
634500,1.67308e+08
634750,1.80706e+08
635000,1.54442e+08
635250,1.82762e+08
635500,1.70987e+08
635750,1.59976e+08
636000,1.25248e+08
636250,1.64549e+08
636500,1.82583e+08
636750,1.8145e+08
637000,1.70798e+08
637250,1.28654e+08
637500,1.73017e+08
637750,1.75734e+08
638000,1.75496e+08
638250,1.74907e+08
638500,1.25203e+08
638750,1.40851e+08
639000,1.72583e+08
639250,1.72776e+08
639500,1.71702e+08
639750,1.46125e+08
640000,1.37475e+08
640250,1.47069e+08
640500,1.26065e+08
640750,1.25126e+08
641000,1.25011e+08
641250,1.27395e+08
641500,1.25485e+08
641750,1.46654e+08
642000,1.61341e+08
642250,1.73226e+08
642500,1.6279e+08
642750,1.41711e+08
643000,1.26773e+08
643250,1.31172e+08
643500,1.28031e+08
643750,1.2625e+08
644000,1.73446e+08
644250,1.72705e+08
644500,1.72742e+08
644750,1.51386e+08
645000,1.53733e+08
645250,1.2562e+08
645500,1.25514e+08
645750,1.26789e+08
646000,1.27158e+08
646250,1.56966e+08
646500,1.45852e+08
646750,1.26314e+08
647000,1.27217e+08
647250,1.26278e+08
647500,1.60791e+08
647750,1.85958e+08
648000,1.48395e+08
648250,1.26514e+08
648500,1.27183e+08
648750,1.27745e+08
649000,1.27526e+08
649250,1.25825e+08
649500,1.56572e+08
649750,1.695e+08
650000,1.73793e+08
650250,1.74521e+08
650500,1.75203e+08
650750,1.32118e+08
651000,1.44785e+08
651250,1.70275e+08
651500,1.75007e+08
651750,1.73622e+08
652000,1.75847e+08
652250,1.55635e+08
652500,1.34857e+08
652750,1.2872e+08
653000,1.27638e+08
653250,1.2693e+08
653500,1.28453e+08
653750,1.28889e+08
654000,1.42719e+08
654250,1.45207e+08
654500,1.6806e+08
654750,1.55364e+08
655000,1.35944e+08
655250,1.37313e+08
655500,1.55861e+08
655750,1.29057e+08
656000,1.33746e+08
656250,1.70507e+08
656500,1.76454e+08
656750,1.76848e+08
657000,1.6941e+08
657250,1.29116e+08
657500,1.29015e+08
657750,1.28281e+08
658000,1.42287e+08
658250,1.78337e+08
658500,1.59498e+08
658750,1.46387e+08
659000,1.37115e+08
659250,1.36245e+08
659500,1.7788e+08
659750,1.76067e+08
660000,1.76031e+08
660250,1.42349e+08
660500,1.30588e+08
660750,1.29127e+08
661000,1.59972e+08
661250,1.2922e+08
661500,1.28441e+08
661750,1.56098e+08
662000,1.28841e+08
662250,1.29851e+08
662500,1.77198e+08
662750,1.80536e+08
663000,1.80393e+08
663250,1.31688e+08
663500,1.2936e+08
663750,1.30733e+08
664000,1.30672e+08
664250,1.81545e+08
664500,1.81055e+08
664750,1.31999e+08
665000,1.29594e+08
665250,1.35298e+08
665500,1.29369e+08
665750,1.79041e+08
666000,1.31697e+08
666250,1.64603e+08
666500,1.29789e+08
666750,1.31888e+08
667000,1.3113e+08
667250,1.31369e+08
667500,1.3104e+08
667750,1.30588e+08
668000,1.29032e+08
668250,1.29194e+08
668500,1.32064e+08
668750,1.31389e+08
669000,1.30305e+08
669250,1.77512e+08
669500,1.393e+08
669750,1.31831e+08
670000,1.80038e+08
670250,1.81559e+08
670500,1.81744e+08
670750,1.63434e+08
671000,1.31933e+08
671250,1.42143e+08
671500,1.8128e+08
671750,1.32694e+08
672000,1.32588e+08
672250,1.78815e+08
672500,1.80857e+08
672750,1.80991e+08
673000,1.82943e+08
673250,1.37712e+08
673500,1.32293e+08
673750,1.3386e+08
674000,1.39704e+08
674250,1.47179e+08
674500,1.31924e+08
674750,1.4351e+08
675000,1.31624e+08
675250,1.76262e+08
675500,1.82664e+08
675750,1.82167e+08
676000,1.82628e+08
676250,1.67571e+08
676500,1.33225e+08
676750,1.36587e+08
677000,1.44798e+08
677250,1.34104e+08
677500,1.73191e+08
677750,1.84346e+08
678000,1.42134e+08
678250,1.681e+08
678500,1.51035e+08
678750,1.3972e+08
679000,1.64385e+08
679250,1.64564e+08
679500,1.52374e+08
679750,1.33032e+08
680000,1.56472e+08
680250,1.35962e+08
680500,1.76299e+08
680750,1.33161e+08
681000,1.34376e+08
681250,1.32773e+08
681500,1.40904e+08
681750,1.32403e+08
682000,1.34714e+08
682250,1.33654e+08
682500,1.32514e+08
682750,1.35322e+08
683000,1.33838e+08
683250,1.53038e+08
683500,1.52242e+08
683750,1.3375e+08
684000,1.38558e+08
684250,1.40778e+08
684500,1.69894e+08
684750,1.83357e+08
685000,1.35263e+08
685250,1.33698e+08
685500,1.34739e+08
685750,1.33256e+08
686000,1.34849e+08
686250,1.33287e+08
686500,1.3352e+08
686750,1.66018e+08
687000,1.88782e+08
687250,1.87713e+08
687500,1.33755e+08
687750,1.34586e+08
688000,1.80131e+08
688250,1.85562e+08
688500,1.61485e+08
688750,1.42201e+08
689000,1.72577e+08
689250,1.59101e+08
689500,1.36543e+08
689750,1.42906e+08
690000,1.4977e+08
690250,1.7776e+08
690500,1.74095e+08
690750,1.88728e+08
691000,1.5861e+08
691250,1.71462e+08
691500,1.40511e+08
691750,1.36209e+08
692000,1.36732e+08
692250,1.35342e+08
692500,1.85632e+08
692750,1.88653e+08
693000,1.35478e+08
693250,1.62844e+08
693500,1.85726e+08
693750,1.35244e+08
694000,1.35507e+08
694250,1.38167e+08
694500,1.62923e+08
694750,1.90973e+08
695000,1.90323e+08
695250,1.36077e+08
695500,1.37456e+08
695750,1.37e+08
696000,1.64173e+08
696250,1.41988e+08
696500,1.64105e+08
696750,1.45973e+08
697000,1.35869e+08
697250,1.37937e+08
697500,1.90306e+08
697750,1.50666e+08
698000,1.36976e+08
698250,1.38989e+08
698500,1.35949e+08
698750,1.36431e+08
699000,1.3682e+08
699250,1.64797e+08
699500,1.88339e+08
699750,1.87956e+08
700000,1.87286e+08
700250,1.87966e+08
700500,1.47109e+08
700750,1.38703e+08
701000,1.37935e+08
701250,1.37637e+08
701500,1.37527e+08
701750,1.40014e+08
702000,1.88634e+08
702250,1.3936e+08
702500,1.54141e+08
702750,1.37831e+08
703000,1.5739e+08
703250,1.87936e+08
703500,1.48233e+08
703750,1.38181e+08
704000,1.48454e+08
704250,1.88995e+08
704500,1.89195e+08
704750,1.86169e+08
705000,1.81389e+08
705250,1.77902e+08
705500,1.38416e+08
705750,1.37755e+08
706000,1.64771e+08
706250,1.73091e+08
706500,1.90662e+08
706750,1.89978e+08
707000,1.37965e+08
707250,1.40074e+08
707500,1.70017e+08
707750,1.53475e+08
708000,1.3728e+08
708250,1.39962e+08
708500,1.61801e+08
708750,1.37414e+08
709000,1.40827e+08
709250,1.38777e+08
709500,1.89152e+08
709750,1.9169e+08
710000,1.3948e+08
710250,1.88057e+08
710500,1.65728e+08
710750,1.9092e+08
711000,1.50957e+08
711250,1.4129e+08
711500,1.87258e+08
711750,1.51807e+08
712000,1.40403e+08
712250,1.39715e+08
712500,1.40634e+08
712750,1.38601e+08
713000,1.40735e+08
713250,1.39292e+08
713500,1.50186e+08
713750,1.3998e+08
714000,1.40659e+08
714250,1.48269e+08
714500,1.92727e+08
714750,1.93426e+08
715000,1.5955e+08
715250,1.39492e+08
715500,1.41451e+08
715750,1.4022e+08
716000,1.53184e+08
716250,1.4526e+08
716500,1.42533e+08
716750,1.39643e+08
717000,1.40876e+08
717250,1.41925e+08
717500,1.39861e+08
717750,1.41306e+08
718000,1.91912e+08
718250,1.80333e+08
718500,1.81566e+08
718750,1.94725e+08
719000,1.92968e+08
719250,1.85537e+08
719500,1.40703e+08
719750,1.41091e+08
720000,1.44341e+08
720250,1.39612e+08
720500,1.4042e+08
720750,1.43118e+08
721000,1.51286e+08
721250,1.98217e+08
721500,1.40778e+08
721750,1.62171e+08
722000,1.9267e+08
722250,1.7619e+08
722500,1.41124e+08
722750,1.55219e+08
723000,1.95506e+08
723250,1.6736e+08
723500,1.4323e+08
723750,1.42878e+08
724000,1.5562e+08
724250,1.4345e+08
724500,1.43276e+08
724750,1.4495e+08
725000,1.79553e+08
725250,1.52186e+08
725500,1.94573e+08
725750,1.55091e+08
726000,1.42978e+08
726250,1.42815e+08
726500,1.44443e+08
726750,1.44045e+08
727000,1.42389e+08
727250,1.47351e+08
727500,1.42869e+08
727750,1.42894e+08
728000,1.41438e+08
728250,1.44244e+08
728500,1.58178e+08
728750,1.42552e+08
729000,1.43318e+08
729250,1.43135e+08
729500,1.44401e+08
729750,1.4414e+08
730000,1.43701e+08
730250,1.45526e+08
730500,1.45798e+08
730750,1.43356e+08
731000,1.5187e+08
731250,1.70004e+08
731500,1.95416e+08
731750,1.4331e+08
732000,1.43439e+08
732250,1.4182e+08
732500,1.44699e+08
732750,1.82737e+08
733000,1.87357e+08
733250,1.7092e+08
733500,1.47589e+08
733750,1.4442e+08
734000,1.77177e+08
734250,1.86353e+08
734500,1.42851e+08
734750,1.44289e+08
735000,1.42308e+08
735250,1.44157e+08
735500,1.47584e+08
735750,1.43972e+08
736000,1.83852e+08
736250,1.46787e+08
736500,1.44073e+08
736750,1.55061e+08
737000,1.97862e+08
737250,1.5117e+08
737500,1.63188e+08
737750,1.43854e+08
738000,1.46502e+08
738250,1.45e+08
738500,1.45229e+08
738750,1.45633e+08
739000,1.44024e+08
739250,1.44859e+08
739500,1.43871e+08
739750,1.87916e+08
740000,2.00186e+08
740250,1.91288e+08
740500,1.45041e+08
740750,1.46795e+08
741000,1.57707e+08
741250,1.47822e+08
741500,1.94268e+08
741750,1.4457e+08
742000,1.46137e+08
742250,1.45775e+08
742500,1.4662e+08
742750,1.5181e+08
743000,1.45082e+08
743250,1.46065e+08
743500,1.45621e+08
743750,1.47646e+08
744000,1.46872e+08
744250,1.4647e+08
744500,1.65282e+08
744750,1.45574e+08
745000,1.46651e+08
745250,1.73056e+08
745500,1.48131e+08
745750,1.55638e+08
746000,1.48184e+08
746250,1.5078e+08
746500,1.98187e+08
746750,2.03548e+08
747000,1.7723e+08
747250,1.86927e+08
747500,1.54688e+08
747750,1.49394e+08
748000,1.47229e+08
748250,1.49295e+08
748500,1.88823e+08
748750,1.46651e+08
749000,1.46998e+08
749250,1.50022e+08
749500,1.49338e+08
749750,1.46135e+08
750000,1.83893e+08
750250,1.61622e+08
750500,2.03397e+08
750750,1.53773e+08
751000,1.57229e+08
751250,1.50216e+08
751500,1.5042e+08
751750,1.45733e+08
752000,1.47256e+08
752250,1.45162e+08
752500,1.46818e+08
752750,1.4915e+08
753000,1.46778e+08
753250,1.50613e+08
753500,1.70322e+08
753750,2.04022e+08
754000,1.83585e+08
754250,2.06919e+08
754500,1.58669e+08
754750,2.01178e+08
755000,2.08509e+08
755250,1.80423e+08
755500,2.05047e+08
755750,1.6344e+08
756000,1.6086e+08
756250,1.50488e+08
756500,1.50602e+08
756750,1.65783e+08
757000,1.97808e+08
757250,1.55306e+08
757500,1.68518e+08
757750,1.50619e+08
758000,1.61724e+08
758250,1.54701e+08
758500,1.52679e+08
758750,1.50244e+08
759000,1.48136e+08
759250,1.50295e+08
759500,2.05494e+08
759750,2.05416e+08
760000,2.01742e+08
760250,1.78347e+08
760500,1.60168e+08
760750,1.51326e+08
761000,1.89964e+08
761250,1.70854e+08
761500,1.48888e+08
761750,1.50872e+08
762000,1.52464e+08
762250,1.50182e+08
762500,1.49945e+08
762750,1.49657e+08
763000,1.49158e+08
763250,2.11176e+08
763500,2.05213e+08
763750,2.08267e+08
764000,1.80289e+08
764250,1.51013e+08
764500,1.52598e+08
764750,1.91673e+08
765000,2.06646e+08
765250,1.4875e+08
765500,1.4989e+08
765750,1.49142e+08
766000,1.82839e+08
766250,2.05071e+08
766500,1.67414e+08
766750,1.51817e+08
767000,1.5209e+08
767250,1.63178e+08
767500,1.891e+08
767750,1.5064e+08
768000,1.50142e+08
768250,1.49112e+08
768500,1.59946e+08
768750,1.63056e+08
769000,1.53858e+08
769250,1.57112e+08
769500,1.60646e+08
769750,1.51974e+08
770000,1.56314e+08
770250,1.81746e+08
770500,1.61647e+08
770750,1.6831e+08
771000,1.51078e+08
771250,1.52321e+08
771500,1.51022e+08
771750,1.51562e+08
772000,1.49121e+08
772250,1.50252e+08
772500,1.50754e+08
772750,1.49513e+08
773000,1.50554e+08
773250,1.50904e+08
773500,1.49627e+08
773750,1.49004e+08
774000,1.51168e+08
774250,1.49901e+08
774500,1.50011e+08
774750,1.49827e+08
775000,1.50595e+08
775250,1.50394e+08
775500,1.50797e+08
775750,1.50636e+08
776000,1.69179e+08
776250,1.5313e+08
776500,1.50866e+08
776750,1.50219e+08
777000,1.49564e+08
777250,1.52107e+08
777500,1.52238e+08
777750,1.49228e+08
778000,1.56158e+08
778250,2.01224e+08
778500,1.51105e+08
778750,1.51666e+08
779000,1.73596e+08
779250,1.55218e+08
779500,2.16514e+08
779750,2.16865e+08
780000,1.84636e+08
780250,2.03551e+08
780500,2.14612e+08
780750,2.1471e+08
781000,1.69655e+08
781250,1.61673e+08
781500,1.67614e+08
781750,2.13419e+08
782000,2.03202e+08
782250,2.04727e+08
782500,2.18622e+08
782750,2.04122e+08
783000,2.10621e+08
783250,2.15293e+08
783500,1.74244e+08
783750,2.00352e+08
784000,1.85581e+08
784250,2.15966e+08
784500,1.92098e+08
784750,1.92187e+08
785000,2.04003e+08
785250,1.65785e+08
785500,1.73135e+08
785750,1.57164e+08
786000,1.56137e+08
786250,1.97965e+08
786500,1.60351e+08
786750,1.61301e+08
787000,1.71345e+08
787250,2.02807e+08
787500,2.17508e+08
787750,2.22483e+08
788000,1.98218e+08
788250,1.5982e+08
788500,2.16149e+08
788750,1.5979e+08
789000,2.01238e+08
789250,2.19492e+08
789500,1.69473e+08
789750,2.14608e+08
790000,1.69609e+08
790250,2.16007e+08
790500,1.74915e+08
790750,1.79031e+08
791000,2.20551e+08
791250,2.15137e+08
791500,2.14329e+08
791750,1.98847e+08
792000,1.59502e+08
792250,2.08377e+08
792500,2.15185e+08
792750,2.03336e+08
793000,2.13686e+08
793250,1.89928e+08
793500,1.9968e+08
793750,1.5871e+08
794000,1.92169e+08
794250,2.12685e+08
794500,1.93828e+08
794750,2.19444e+08
795000,1.95986e+08
795250,1.58489e+08
795500,2.19514e+08
795750,1.92248e+08
796000,1.58725e+08
796250,1.54322e+08
796500,1.52819e+08
796750,1.90891e+08
797000,2.1491e+08
797250,2.01383e+08
797500,1.55465e+08
797750,1.5236e+08
798000,1.69525e+08
798250,2.1185e+08
798500,1.56502e+08
798750,1.57796e+08
799000,1.58203e+08
799250,1.56473e+08
799500,1.57095e+08
799750,2.08166e+08
800000,2.18795e+08
800250,1.84201e+08
800500,1.55767e+08
800750,1.71695e+08
801000,1.54899e+08
801250,1.54725e+08
801500,1.81668e+08
801750,1.54386e+08
802000,1.55562e+08
802250,1.56168e+08
802500,1.55753e+08
802750,1.95005e+08
803000,1.53879e+08
803250,1.54358e+08
803500,1.65178e+08
803750,1.85414e+08
804000,1.71408e+08
804250,1.76185e+08
804500,1.55982e+08
804750,1.5651e+08
805000,1.55708e+08
805250,1.57922e+08
805500,1.56294e+08
805750,1.57318e+08
806000,1.55138e+08
806250,1.84187e+08
806500,1.99408e+08
806750,1.75696e+08
807000,1.6126e+08
807250,1.59367e+08
807500,1.85295e+08
807750,1.66001e+08
808000,1.91248e+08
808250,1.93905e+08
808500,1.57465e+08
808750,1.55584e+08
809000,1.56762e+08
809250,1.7698e+08
809500,1.562e+08
809750,1.81853e+08
810000,1.55261e+08
810250,1.55302e+08
810500,1.56068e+08
810750,1.55477e+08
811000,1.55677e+08
811250,1.55144e+08
811500,1.56213e+08
811750,1.99684e+08
812000,1.83231e+08
812250,1.55633e+08
812500,1.54501e+08
812750,1.56276e+08
813000,1.57235e+08
813250,1.56881e+08
813500,1.57304e+08
813750,1.56693e+08
814000,1.57791e+08
814250,2.05313e+08
814500,1.62776e+08
814750,1.5655e+08
815000,1.56983e+08
815250,1.79344e+08
815500,1.59472e+08
815750,1.58942e+08
816000,2.17512e+08
816250,1.57317e+08
816500,1.56283e+08
816750,1.58079e+08
817000,1.55548e+08
817250,1.98826e+08
817500,1.72637e+08
817750,1.57782e+08
818000,1.59877e+08
818250,1.584e+08
818500,1.62789e+08
818750,1.82441e+08
819000,2.1591e+08
819250,1.60101e+08
819500,1.59698e+08
819750,1.58725e+08
820000,1.59311e+08
820250,1.58595e+08
820500,2.04435e+08
820750,1.62296e+08
821000,1.64613e+08
821250,1.7449e+08
821500,2.02477e+08
821750,2.224e+08
822000,1.69765e+08
822250,1.58619e+08
822500,1.6289e+08
822750,1.59079e+08
823000,1.79742e+08
823250,2.17612e+08
823500,2.1696e+08
823750,1.97558e+08
824000,1.58049e+08
824250,1.60141e+08
824500,1.6033e+08
824750,1.57622e+08
825000,1.59022e+08
825250,1.60639e+08
825500,2.2059e+08
825750,2.20761e+08
826000,2.21202e+08
826250,2.20694e+08
826500,1.57366e+08
826750,1.58233e+08
827000,1.59784e+08
827250,1.92638e+08
827500,1.82998e+08
827750,1.72752e+08
828000,1.6149e+08
828250,1.62068e+08
828500,1.61378e+08
828750,1.59878e+08
829000,1.61326e+08
829250,1.58893e+08
829500,1.59704e+08
829750,1.57854e+08
830000,1.73743e+08
830250,2.20874e+08
830500,2.19777e+08
830750,2.20513e+08
831000,1.7546e+08
831250,1.79704e+08
831500,1.60137e+08
831750,1.60325e+08
832000,1.60954e+08
832250,1.62759e+08
832500,1.61999e+08
832750,1.62226e+08
833000,1.59771e+08
833250,1.59896e+08
833500,1.63059e+08
833750,2.04423e+08
834000,1.74526e+08
834250,2.19126e+08
834500,1.61139e+08
834750,1.63185e+08
835000,1.6096e+08
835250,1.61119e+08
835500,1.62557e+08
835750,1.92109e+08
836000,1.63798e+08
836250,1.66672e+08
836500,1.632e+08
836750,2.14431e+08
837000,2.22139e+08
837250,2.24316e+08
837500,1.88637e+08
837750,1.68598e+08
838000,1.62372e+08
838250,1.61034e+08
838500,1.63202e+08
838750,1.61747e+08
839000,1.62057e+08
839250,1.62038e+08
839500,1.62176e+08
839750,1.6307e+08
840000,1.63018e+08
840250,1.63044e+08
840500,1.62126e+08
840750,1.60906e+08
841000,1.61664e+08
841250,1.63061e+08
841500,1.59703e+08
841750,1.61512e+08
842000,1.60672e+08
842250,1.62415e+08
842500,2.13615e+08
842750,2.21585e+08
843000,1.60916e+08
843250,1.64442e+08
843500,2.12136e+08
843750,2.20884e+08
844000,2.20593e+08
844250,1.6146e+08
844500,1.81168e+08
844750,2.23306e+08
845000,2.23838e+08
845250,1.64587e+08
845500,1.62405e+08
845750,1.88121e+08
846000,2.22641e+08
846250,1.63414e+08
846500,1.64212e+08
846750,2.03282e+08
847000,2.16598e+08
847250,1.64714e+08
847500,1.64151e+08
847750,1.63171e+08
848000,1.62e+08
848250,1.63586e+08
848500,1.62047e+08
848750,1.63952e+08
849000,1.66473e+08
849250,1.63738e+08
849500,1.63055e+08
849750,1.65577e+08
850000,1.64937e+08
850250,1.631e+08
850500,1.63388e+08
850750,1.88754e+08
851000,2.2497e+08
851250,1.63766e+08
851500,1.64924e+08
851750,1.64307e+08
852000,1.64641e+08
852250,1.6453e+08
852500,1.83133e+08
852750,1.86377e+08
853000,1.79771e+08
853250,1.88134e+08
853500,1.63098e+08
853750,1.68364e+08
854000,1.68325e+08
854250,1.6399e+08
854500,2.0617e+08
854750,1.6578e+08
855000,1.65324e+08
855250,2.26656e+08
855500,1.80098e+08
855750,1.64409e+08
856000,2.32621e+08
856250,2.29283e+08
856500,2.29483e+08
856750,2.0097e+08
857000,2.27548e+08
857250,1.64634e+08
857500,1.66669e+08
857750,1.67164e+08
858000,1.96138e+08
858250,1.67555e+08
858500,1.65546e+08
858750,1.66145e+08
859000,1.65144e+08
859250,1.63854e+08
859500,1.65225e+08
859750,1.65343e+08
860000,1.71259e+08
860250,1.6563e+08
860500,1.6695e+08
860750,1.67124e+08
861000,1.65925e+08
861250,1.68984e+08
861500,1.67844e+08
861750,1.69085e+08
862000,1.73249e+08
862250,2.31385e+08
862500,2.33009e+08
862750,1.66216e+08
863000,1.64656e+08
863250,1.65757e+08
863500,1.64735e+08
863750,1.68021e+08
864000,1.6626e+08
864250,1.69043e+08
864500,1.68031e+08
864750,1.67628e+08
865000,1.65552e+08
865250,1.65489e+08
865500,1.66095e+08
865750,1.68247e+08
866000,1.69274e+08
866250,2.26872e+08
866500,1.90398e+08
866750,1.67308e+08
867000,1.6574e+08
867250,1.67876e+08
867500,1.67362e+08
867750,2.24814e+08
868000,1.67956e+08
868250,1.68382e+08
868500,1.85559e+08
868750,1.74314e+08
869000,1.67553e+08
869250,1.67072e+08
869500,1.66263e+08
869750,1.67685e+08
870000,1.6774e+08
870250,1.67821e+08
870500,1.65643e+08
870750,1.66652e+08
871000,1.68036e+08
871250,1.67403e+08
871500,1.68259e+08
871750,1.6947e+08
872000,1.69117e+08
872250,1.68697e+08
872500,1.68449e+08
872750,1.66617e+08
873000,1.70004e+08
873250,1.70755e+08
873500,1.68919e+08
873750,1.65662e+08
874000,2.11533e+08
874250,1.93007e+08
874500,1.69165e+08
874750,1.6719e+08
875000,1.67625e+08
875250,1.68713e+08
875500,1.71429e+08
875750,1.92258e+08
876000,2.36929e+08
876250,1.84724e+08
876500,1.68092e+08
876750,1.67762e+08
877000,1.68138e+08
877250,1.6832e+08
877500,1.70364e+08
877750,1.68304e+08
878000,1.69266e+08
878250,2.34689e+08
878500,1.68506e+08
878750,1.70425e+08
879000,2.07103e+08
879250,1.78218e+08
879500,1.73134e+08
879750,1.69724e+08
880000,1.71269e+08
880250,1.72003e+08
880500,1.69731e+08
880750,1.78087e+08
881000,1.7022e+08
881250,1.68142e+08
881500,2.01981e+08
881750,2.36343e+08
882000,1.82715e+08
882250,1.74369e+08
882500,1.70871e+08
882750,1.85682e+08
883000,1.98906e+08
883250,1.77738e+08
883500,1.70676e+08
883750,1.71947e+08
884000,1.71409e+08
884250,1.69497e+08
884500,1.71529e+08
884750,1.69898e+08
885000,1.69463e+08
885250,1.70403e+08
885500,1.72126e+08
885750,2.05894e+08
886000,2.34601e+08
886250,1.69273e+08
886500,2.2468e+08
886750,1.7238e+08
887000,2.15649e+08
887250,1.98057e+08
887500,1.70649e+08
887750,1.73268e+08
888000,1.70374e+08
888250,1.71472e+08
888500,1.69814e+08
888750,1.69776e+08
889000,1.70657e+08
889250,1.72703e+08
889500,1.97623e+08
889750,1.72821e+08
890000,1.71801e+08
890250,1.70771e+08
890500,1.71376e+08
890750,2.27544e+08
891000,2.36236e+08
891250,2.06289e+08
891500,1.72951e+08
891750,1.89548e+08
892000,2.37669e+08
892250,2.34989e+08
892500,1.72361e+08
892750,1.71848e+08
893000,1.73142e+08
893250,1.72544e+08
893500,1.72353e+08
893750,2.36783e+08
894000,1.76148e+08
894250,1.75849e+08
894500,1.76389e+08
894750,1.95067e+08
895000,1.79069e+08
895250,1.78084e+08
895500,1.75671e+08
895750,2.0054e+08
896000,1.75372e+08
896250,1.85996e+08
896500,1.83484e+08
896750,2.42063e+08
897000,2.39719e+08
897250,2.35452e+08
897500,1.76029e+08
897750,1.76104e+08
898000,1.74638e+08
898250,1.91658e+08
898500,1.7749e+08
898750,1.77401e+08
899000,1.75904e+08
899250,1.78419e+08
899500,1.78621e+08
899750,1.78026e+08
900000,1.78618e+08
900250,1.77513e+08
900500,2.19672e+08
900750,1.92248e+08
901000,2.33422e+08
901250,1.938e+08
901500,2.45096e+08
901750,1.82428e+08
902000,1.76126e+08
902250,2.48771e+08
902500,1.90703e+08
902750,1.77411e+08
903000,1.73524e+08
903250,1.76216e+08
903500,1.77405e+08
903750,1.75477e+08
904000,2.24238e+08
904250,2.39626e+08
904500,1.75308e+08
904750,1.76545e+08
905000,1.97258e+08
905250,1.76021e+08
905500,1.77157e+08
905750,1.76009e+08
906000,1.74273e+08
906250,1.75739e+08
906500,1.74406e+08
906750,1.75717e+08
907000,2.49225e+08
907250,1.9103e+08
907500,1.77798e+08
907750,1.77287e+08
908000,1.78731e+08
908250,2.51943e+08
908500,1.86301e+08
908750,1.77039e+08
909000,2.03379e+08
909250,1.74559e+08
909500,1.80376e+08
909750,1.79572e+08
910000,1.7915e+08
910250,1.80384e+08
910500,1.76653e+08
910750,2.37957e+08
911000,2.07679e+08
911250,2.37056e+08
911500,2.54322e+08
911750,2.5139e+08
912000,2.31233e+08
912250,2.43453e+08
912500,2.24233e+08
912750,1.81243e+08
913000,1.95379e+08
913250,2.02921e+08
913500,1.91245e+08
913750,2.17556e+08
914000,2.36404e+08
914250,1.81613e+08
914500,2.42783e+08
914750,1.87215e+08
915000,2.17418e+08
915250,1.79163e+08
915500,1.80545e+08
915750,2.16859e+08
916000,2.01346e+08
916250,1.91756e+08
916500,1.80347e+08
916750,1.81261e+08
917000,2.50074e+08
917250,2.26914e+08
917500,2.46627e+08
917750,2.47428e+08
918000,2.22231e+08
918250,2.09565e+08
918500,2.34833e+08
918750,2.44121e+08
919000,2.54061e+08
919250,1.95271e+08
919500,1.81324e+08
919750,1.83243e+08
920000,1.80319e+08
920250,2.23701e+08
920500,1.86398e+08
920750,1.83528e+08
921000,1.79093e+08
921250,1.83553e+08
921500,1.83823e+08
921750,2.04673e+08
922000,1.80951e+08
922250,1.79115e+08
922500,2.36428e+08
922750,2.16253e+08
923000,2.23421e+08
923250,2.3952e+08
923500,2.37471e+08
923750,2.07387e+08
924000,1.80277e+08
924250,1.80714e+08
924500,1.8039e+08
924750,1.81712e+08
925000,1.81032e+08
925250,1.80068e+08
925500,1.80201e+08
925750,1.82937e+08
926000,2.56086e+08
926250,2.10201e+08
926500,1.83985e+08
926750,1.81906e+08
927000,2.14425e+08
927250,2.47775e+08
927500,1.88294e+08
927750,1.7936e+08
928000,1.82304e+08
928250,1.95345e+08
928500,1.97135e+08
928750,1.87818e+08
929000,1.8137e+08
929250,1.79161e+08
929500,1.80389e+08
929750,1.84795e+08
930000,1.99673e+08
930250,1.81916e+08
930500,1.79524e+08
930750,1.82762e+08
931000,1.81157e+08
931250,1.79724e+08
931500,1.83957e+08
931750,1.83148e+08
932000,1.91871e+08
932250,1.83092e+08
932500,2.11376e+08
932750,2.35577e+08
933000,1.82849e+08
933250,2.36534e+08
933500,2.28999e+08
933750,2.49777e+08
934000,2.31955e+08
934250,1.80717e+08
934500,1.80967e+08
934750,1.80594e+08
935000,1.81796e+08
935250,1.82645e+08
935500,2.07746e+08
935750,1.91227e+08
936000,1.80518e+08
936250,1.83417e+08
936500,2.43468e+08
936750,2.39918e+08
937000,1.8123e+08
937250,1.82409e+08
937500,1.81775e+08
937750,1.83075e+08
938000,1.81629e+08
938250,1.83564e+08
938500,2.32759e+08
938750,2.56871e+08
939000,2.53884e+08
939250,1.84444e+08
939500,1.84946e+08
939750,1.83875e+08
940000,1.84479e+08
940250,1.81778e+08
940500,2.0239e+08
940750,1.83795e+08
941000,1.85635e+08
941250,1.87438e+08
941500,1.89247e+08
941750,1.86207e+08
942000,1.8618e+08
942250,1.86317e+08
942500,1.88271e+08
942750,2.30664e+08
943000,2.57764e+08
943250,2.06802e+08
943500,1.86541e+08
943750,1.86696e+08
944000,1.83074e+08
944250,1.84083e+08
944500,1.86285e+08
944750,1.83513e+08
945000,1.82242e+08
945250,1.85865e+08
945500,1.86938e+08
945750,1.89213e+08
946000,1.84903e+08
946250,1.92532e+08
946500,2.03013e+08
946750,1.91355e+08
947000,1.92322e+08
947250,2.22689e+08
947500,2.12056e+08
947750,1.98383e+08
948000,1.85104e+08
948250,2.37669e+08
948500,2.0121e+08
948750,1.84683e+08
949000,2.22926e+08
949250,2.60163e+08
949500,1.93341e+08
949750,2.63019e+08
950000,2.52263e+08
950250,2.51405e+08
950500,2.10003e+08
950750,1.84142e+08
951000,1.87578e+08
951250,1.84868e+08
951500,1.83115e+08
951750,1.85255e+08
952000,2.48182e+08
952250,2.59368e+08
952500,2.42322e+08
952750,2.19217e+08
953000,1.89288e+08
953250,1.8389e+08
953500,2.41759e+08
953750,2.58225e+08
954000,2.11845e+08
954250,1.93937e+08
954500,1.93398e+08
954750,2.61991e+08
955000,1.90835e+08
955250,1.93919e+08
955500,1.85349e+08
955750,1.911e+08
956000,2.15122e+08
956250,1.89516e+08
956500,1.90894e+08
956750,1.87573e+08
957000,2.13299e+08
957250,2.57573e+08
957500,2.0004e+08
957750,1.89139e+08
958000,1.94613e+08
958250,2.04925e+08
958500,2.65547e+08
958750,2.64366e+08
959000,2.2332e+08
959250,2.66959e+08
959500,2.6726e+08
959750,1.96082e+08
960000,1.89218e+08
960250,1.86305e+08
960500,1.90841e+08
960750,1.95844e+08
961000,1.93096e+08
961250,2.14227e+08
961500,1.86901e+08
961750,2.55859e+08
962000,2.54562e+08
962250,2.25256e+08
962500,2.03498e+08
962750,2.46249e+08
963000,1.88299e+08
963250,1.92515e+08
963500,2.12878e+08
963750,2.34527e+08
964000,2.67554e+08
964250,2.18089e+08
964500,1.97366e+08
964750,2.05992e+08
965000,1.96483e+08
965250,1.89864e+08
965500,2.19141e+08
965750,2.68098e+08
966000,2.27914e+08
966250,1.90718e+08
966500,2.05774e+08
966750,1.94019e+08
967000,1.98303e+08
967250,1.96393e+08
967500,2.23054e+08
967750,2.26604e+08
968000,2.36142e+08
968250,2.19414e+08
968500,1.96616e+08
968750,2.07722e+08
969000,1.90723e+08
969250,1.89718e+08
969500,1.9252e+08
969750,2.45932e+08
970000,1.96206e+08
970250,1.9398e+08
970500,1.92317e+08
970750,1.99377e+08
971000,1.93388e+08
971250,1.97707e+08
971500,2.43957e+08
971750,1.92592e+08
972000,1.95658e+08
972250,2.04415e+08
972500,2.61976e+08
972750,2.60745e+08
973000,2.32664e+08
973250,1.8947e+08
973500,1.93995e+08
973750,1.90854e+08
974000,1.918e+08
974250,2.59689e+08
974500,2.64803e+08
974750,1.92545e+08
975000,1.93356e+08
975250,1.92074e+08
975500,2.3191e+08
975750,2.16022e+08
976000,1.89734e+08
976250,1.91945e+08
976500,2.39523e+08
976750,2.15126e+08
977000,2.66077e+08
977250,2.23886e+08
977500,1.93776e+08
977750,1.93156e+08
978000,1.9036e+08
978250,2.01796e+08
978500,2.28195e+08
978750,2.49881e+08
979000,1.92899e+08
979250,1.9345e+08
979500,1.9163e+08
979750,1.90193e+08
980000,1.90654e+08
980250,1.93091e+08
980500,1.90766e+08
980750,1.89793e+08
981000,1.91155e+08
981250,2.52844e+08
981500,1.91149e+08
981750,1.91866e+08
982000,1.91316e+08
982250,1.92874e+08
982500,1.94212e+08
982750,1.93362e+08
983000,1.94104e+08
983250,1.92385e+08
983500,2.45142e+08
983750,1.96388e+08
984000,1.94419e+08
984250,1.93016e+08
984500,1.95427e+08
984750,1.94444e+08
985000,2.36437e+08
985250,1.92801e+08
985500,1.93957e+08
985750,1.98378e+08
986000,2.07844e+08
986250,2.00536e+08
986500,1.94572e+08
986750,1.97191e+08
987000,1.92339e+08
987250,2.20355e+08
987500,1.93984e+08
987750,1.93265e+08
988000,1.94052e+08
988250,1.92253e+08
988500,1.92545e+08
988750,1.97057e+08
989000,1.96432e+08
989250,1.97023e+08
989500,1.94726e+08
989750,2.09726e+08
990000,2.01965e+08
990250,2.67345e+08
990500,1.91663e+08
990750,2.09199e+08
991000,1.91093e+08
991250,1.95053e+08
991500,1.92649e+08
991750,1.92509e+08
992000,2.68852e+08
992250,2.55443e+08
992500,1.94877e+08
992750,1.9407e+08
993000,1.94069e+08
993250,1.94229e+08
993500,1.95094e+08
993750,1.95674e+08
994000,2.32279e+08
994250,2.65521e+08
994500,2.17796e+08
994750,1.92919e+08
995000,1.92902e+08
995250,1.97037e+08
995500,1.96843e+08
995750,1.96245e+08
996000,1.96879e+08
996250,1.9831e+08
996500,2.54651e+08
996750,2.17751e+08
997000,1.99085e+08
997250,2.10478e+08
997500,2.08959e+08
997750,1.98808e+08
998000,1.99495e+08
998250,1.99348e+08
998500,1.99606e+08
998750,2.24637e+08
999000,2.49216e+08
999250,1.95599e+08
999500,1.96903e+08
999750,1.98852e+08
1000000,1.97063e+08
