250,39093
500,63448
750,101690
1000,141865
1250,165550
1500,225643
1750,243566
2000,280415
2250,328064
2500,352851
2750,407564
3000,443530
3250,470822
3500,507580
3750,566742
4000,615273
4250,644907
4500,748502
4750,724721
5000,746001
5250,804486
5500,847897
5750,922758
6000,927265
6250,1.02519e+06
6500,1.10313e+06
6750,1.08128e+06
7000,1.18763e+06
7250,1.14392e+06
7500,1.16795e+06
7750,1.22367e+06
8000,1.23973e+06
8250,1.30227e+06
8500,1.32246e+06
8750,1.38594e+06
9000,1.46146e+06
9250,1.5615e+06
9500,1.52434e+06
9750,1.57402e+06
10000,1.58721e+06
10250,1.63843e+06
10500,1.65792e+06
10750,1.70131e+06
11000,1.7739e+06
11250,1.84273e+06
11500,2.42299e+06
11750,2.29596e+06
12000,2.75462e+06
12250,2.07014e+06
12500,2.05536e+06
12750,2.11871e+06
13000,2.1633e+06
13250,2.3311e+06
13500,2.23277e+06
13750,2.48797e+06
14000,2.42692e+06
14250,2.33003e+06
14500,2.59985e+06
14750,2.55455e+06
15000,2.5351e+06
15250,2.54488e+06
15500,2.64799e+06
15750,2.64201e+06
16000,2.94757e+06
16250,2.72116e+06
16500,2.74969e+06
16750,3.05058e+06
17000,3.06738e+06
17250,2.96417e+06
17500,2.90624e+06
17750,3.43977e+06
18000,3.09084e+06
18250,2.99981e+06
18500,3.79712e+06
18750,3.45532e+06
19000,3.34651e+06
19250,3.25516e+06
19500,3.90927e+06
19750,3.97204e+06
20000,4.66547e+06
20250,3.95394e+06
20500,3.95386e+06
20750,4.69996e+06
21000,3.76721e+06
21250,3.73831e+06
21500,4.40831e+06
21750,3.71506e+06
22000,5.09493e+06
22250,4.93543e+06
22500,3.90689e+06
22750,4.14417e+06
23000,4.02072e+06
23250,4.4714e+06
23500,4.32155e+06
23750,4.36448e+06
24000,4.21616e+06
24250,5.92018e+06
24500,4.12604e+06
24750,5.21082e+06
25000,4.25951e+06
25250,4.81879e+06
25500,5.83147e+06
25750,5.72651e+06
26000,5.1396e+06
26250,5.54013e+06
26500,6.41557e+06
26750,5.10256e+06
27000,4.87294e+06
27250,5.45004e+06
27500,4.95755e+06
27750,4.92357e+06
28000,6.87108e+06
28250,5.21927e+06
28500,4.9965e+06
28750,5.64241e+06
29000,5.16868e+06
29250,5.56015e+06
29500,7.22359e+06
29750,5.24245e+06
30000,5.45371e+06
30250,6.39419e+06
30500,7.09739e+06
30750,7.70645e+06
31000,7.22946e+06
31250,5.37994e+06
31500,6.75723e+06
31750,7.95422e+06
32000,7.18599e+06
32250,7.08344e+06
32500,7.3032e+06
32750,5.74109e+06
33000,5.98648e+06
33250,5.86885e+06
33500,7.98502e+06
33750,8.441e+06
34000,7.04189e+06
34250,7.03379e+06
34500,7.45242e+06
34750,8.0166e+06
35000,9.33078e+06
35250,7.39051e+06
35500,1.10104e+07
35750,8.4218e+06
36000,7.85376e+06
36250,7.22091e+06
36500,8.27978e+06
36750,6.91074e+06
37000,7.15877e+06
37250,8.98003e+06
37500,6.65313e+06
37750,9.22274e+06
38000,7.08838e+06
38250,6.89873e+06
38500,9.90445e+06
38750,7.63112e+06
39000,8.94929e+06
39250,9.99244e+06
39500,1.0384e+07
39750,1.01876e+07
40000,9.09481e+06
40250,9.63677e+06
40500,8.3253e+06
40750,1.15402e+07
41000,1.07111e+07
41250,9.49506e+06
41500,1.0743e+07
41750,1.08696e+07
42000,9.7229e+06
42250,1.04257e+07
42500,9.07944e+06
42750,9.69256e+06
43000,1.08851e+07
43250,1.05708e+07
43500,1.10064e+07
43750,1.11058e+07
44000,9.68254e+06
44250,1.19827e+07
44500,1.14485e+07
44750,1.26416e+07
45000,1.15175e+07
45250,8.52066e+06
45500,9.46326e+06
45750,1.15007e+07
46000,1.14639e+07
46250,9.08009e+06
46500,1.0756e+07
46750,1.27621e+07
47000,1.01883e+07
47250,1.17449e+07
47500,1.01654e+07
47750,1.02437e+07
48000,1.18709e+07
48250,9.3555e+06
48500,1.55594e+07
48750,8.88132e+06
49000,9.69545e+06
49250,8.58568e+06
49500,9.22917e+06
49750,8.89764e+06
50000,8.75904e+06
50250,8.94509e+06
50500,1.0515e+07
50750,1.22708e+07
51000,9.17927e+06
51250,1.39531e+07
51500,9.37917e+06
51750,9.00629e+06
52000,9.35596e+06
52250,1.21806e+07
52500,1.247e+07
52750,1.1773e+07
53000,1.12165e+07
53250,9.4924e+06
53500,9.77188e+06
53750,1.38254e+07
54000,1.49238e+07
54250,1.53098e+07
54500,1.51904e+07
54750,1.42291e+07
55000,1.08596e+07
55250,1.02099e+07
55500,1.31607e+07
55750,1.45698e+07
56000,1.39564e+07
56250,1.4956e+07
56500,1.06501e+07
56750,1.40734e+07
57000,1.02594e+07
57250,1.34179e+07
57500,1.74238e+07
57750,1.71949e+07
58000,1.30528e+07
58250,1.15324e+07
58500,1.63868e+07
58750,1.784e+07
59000,1.34926e+07
59250,1.06422e+07
59500,1.52853e+07
59750,1.53618e+07
60000,1.6478e+07
60250,1.13428e+07
60500,1.59389e+07
60750,1.11069e+07
61000,1.25362e+07
61250,1.10613e+07
61500,1.57276e+07
61750,1.23808e+07
62000,1.81777e+07
62250,1.29302e+07
62500,1.13079e+07
62750,1.68151e+07
63000,1.57153e+07
63250,1.57244e+07
63500,1.14864e+07
63750,1.14655e+07
64000,1.8712e+07
64250,1.60915e+07
64500,1.67263e+07
64750,1.83021e+07
65000,1.88323e+07
65250,1.44618e+07
65500,1.67108e+07
65750,1.19495e+07
66000,1.22521e+07
66250,1.29545e+07
66500,1.31007e+07
66750,1.84198e+07
67000,1.21172e+07
67250,1.2312e+07
67500,1.22424e+07
67750,1.23825e+07
68000,1.21351e+07
68250,1.25409e+07
68500,1.29695e+07
68750,1.25228e+07
69000,1.76729e+07
69250,1.58177e+07
69500,1.51098e+07
69750,1.71378e+07
70000,1.2583e+07
70250,1.67225e+07
70500,1.79173e+07
70750,2.19556e+07
71000,1.9548e+07
71250,2.12669e+07
71500,1.31935e+07
71750,1.69274e+07
72000,1.74614e+07
72250,1.35709e+07
72500,1.58126e+07
72750,1.43254e+07
73000,1.77962e+07
73250,1.39187e+07
73500,1.66192e+07
73750,1.78885e+07
74000,1.33825e+07
74250,1.34105e+07
74500,1.45887e+07
74750,1.88134e+07
75000,1.4352e+07
75250,1.7478e+07
75500,2.1676e+07
75750,1.39113e+07
76000,1.62192e+07
76250,1.65414e+07
76500,1.86683e+07
76750,1.83072e+07
77000,2.38648e+07
77250,1.73801e+07
77500,1.80827e+07
77750,2.15319e+07
78000,2.25837e+07
78250,1.44187e+07
78500,1.43082e+07
78750,1.46365e+07
79000,1.87141e+07
79250,2.04408e+07
79500,1.81149e+07
79750,1.82043e+07
80000,1.82303e+07
80250,2.37194e+07
80500,1.48803e+07
80750,1.49847e+07
81000,1.97076e+07
81250,1.52662e+07
81500,1.52312e+07
81750,1.49161e+07
82000,1.57974e+07
82250,2.47688e+07
82500,1.50815e+07
82750,1.55247e+07
83000,1.72068e+07
83250,2.23612e+07
83500,1.50671e+07
83750,1.68602e+07
84000,1.97137e+07
84250,2.53666e+07
84500,2.41396e+07
84750,2.57755e+07
85000,2.63562e+07
85250,1.80867e+07
85500,2.36109e+07
85750,2.037e+07
86000,1.60708e+07
86250,1.61721e+07
86500,1.59304e+07
86750,1.59253e+07
87000,2.14651e+07
87250,1.668e+07
87500,2.55488e+07
87750,1.92589e+07
88000,1.65896e+07
88250,1.62596e+07
88500,1.64336e+07
88750,1.62723e+07
89000,1.6442e+07
89250,1.88867e+07
89500,2.24835e+07
89750,2.0627e+07
90000,2.39337e+07
90250,2.66094e+07
90500,1.7614e+07
90750,2.0634e+07
91000,2.86251e+07
91250,1.76388e+07
91500,2.22624e+07
91750,1.71099e+07
92000,1.74722e+07
92250,2.59012e+07
92500,1.91258e+07
92750,2.14157e+07
93000,1.713e+07
93250,2.29749e+07
93500,2.39209e+07
93750,1.8366e+07
94000,1.78572e+07
94250,2.15299e+07
94500,2.81248e+07
94750,2.31538e+07
95000,2.56275e+07
95250,2.49602e+07
95500,1.76948e+07
95750,1.83274e+07
96000,2.74383e+07
96250,2.41964e+07
96500,1.77346e+07
96750,1.96204e+07
97000,1.9001e+07
97250,1.83283e+07
97500,2.34143e+07
97750,2.67539e+07
98000,2.48454e+07
98250,1.88972e+07
98500,2.24691e+07
98750,2.65486e+07
99000,3.06991e+07
99250,3.14281e+07
99500,1.8568e+07
99750,2.99351e+07
100000,1.91969e+07
100250,2.33501e+07
100500,2.38922e+07
100750,1.83035e+07
101000,1.92066e+07
101250,1.88487e+07
101500,2.17254e+07
101750,1.94092e+07
102000,2.56671e+07
102250,2.2871e+07
102500,2.52987e+07
102750,2.43805e+07
103000,2.41443e+07
103250,1.89751e+07
103500,2.38752e+07
103750,2.38616e+07
104000,2.05767e+07
104250,3.11036e+07
104500,2.35906e+07
104750,2.08283e+07
105000,2.08179e+07
105250,3.03386e+07
105500,1.93804e+07
105750,3.21135e+07
106000,3.248e+07
106250,3.32458e+07
106500,2.80714e+07
106750,3.23587e+07
107000,3.25691e+07
107250,3.27637e+07
107500,3.24869e+07
107750,3.10844e+07
108000,3.09191e+07
108250,1.99357e+07
108500,2.30436e+07
108750,2.05974e+07
109000,2.68858e+07
109250,2.0168e+07
109500,2.05049e+07
109750,2.16115e+07
110000,2.04523e+07
110250,2.05534e+07
110500,2.30919e+07
110750,3.05256e+07
111000,3.13035e+07
111250,3.3234e+07
111500,3.04678e+07
111750,2.43566e+07
112000,2.07567e+07
112250,2.79262e+07
112500,3.39357e+07
112750,2.62352e+07
113000,3.20745e+07
113250,2.8893e+07
113500,2.201e+07
113750,2.10795e+07
114000,2.67316e+07
114250,2.14641e+07
114500,2.31584e+07
114750,3.15294e+07
115000,2.30378e+07
115250,2.10974e+07
115500,2.50805e+07
115750,3.10605e+07
116000,2.12814e+07
116250,3.39839e+07
116500,2.22607e+07
116750,2.19316e+07
117000,3.44338e+07
117250,2.82969e+07
117500,3.09447e+07
117750,2.6917e+07
118000,2.97583e+07
118250,3.3738e+07
118500,3.55382e+07
118750,2.92134e+07
119000,2.99754e+07
119250,3.0299e+07
119500,2.86559e+07
119750,2.33252e+07
120000,2.35888e+07
120250,2.27579e+07
120500,3.41685e+07
120750,3.32532e+07
121000,3.46989e+07
121250,3.50348e+07
121500,2.42409e+07
121750,3.67608e+07
122000,2.75721e+07
122250,2.91608e+07
122500,2.48208e+07
122750,2.64942e+07
123000,2.27042e+07
123250,3.307e+07
123500,2.81846e+07
123750,2.37794e+07
124000,2.36847e+07
124250,2.39402e+07
124500,2.35866e+07
124750,3.10545e+07
125000,3.70558e+07
125250,3.14657e+07
125500,3.01636e+07
125750,2.36863e+07
126000,2.33359e+07
126250,2.68721e+07
126500,3.48645e+07
126750,3.63263e+07
127000,2.4632e+07
127250,2.36421e+07
127500,2.3993e+07
127750,3.1867e+07
128000,3.78215e+07
128250,3.16393e+07
128500,2.42156e+07
128750,3.40018e+07
129000,3.51342e+07
129250,2.49654e+07
129500,2.37387e+07
129750,2.41886e+07
130000,2.4992e+07
130250,2.86454e+07
130500,3.89555e+07
130750,3.31081e+07
131000,2.73174e+07
131250,4.03544e+07
131500,3.50533e+07
131750,3.03367e+07
132000,3.96447e+07
132250,3.07958e+07
132500,3.13237e+07
132750,4.07199e+07
133000,2.55833e+07
133250,2.96676e+07
133500,3.32478e+07
133750,2.51175e+07
134000,2.80402e+07
134250,3.47196e+07
134500,4.24855e+07
134750,3.73742e+07
135000,4.17388e+07
135250,4.13114e+07
135500,4.18999e+07
135750,3.86093e+07
136000,4.20459e+07
136250,3.41055e+07
136500,4.22557e+07
136750,4.31363e+07
137000,2.72887e+07
137250,3.53993e+07
137500,4.05124e+07
137750,4.07327e+07
138000,4.01231e+07
138250,4.09369e+07
138500,3.52106e+07
138750,2.60018e+07
139000,2.70881e+07
139250,4.18717e+07
139500,4.28699e+07
139750,4.20291e+07
140000,2.66189e+07
140250,3.84022e+07
140500,4.21273e+07
140750,2.80388e+07
141000,3.92313e+07
141250,3.14552e+07
141500,3.75727e+07
141750,3.96878e+07
142000,3.74819e+07
142250,3.33126e+07
142500,3.04161e+07
142750,4.05732e+07
143000,4.33949e+07
143250,4.17227e+07
143500,2.782e+07
143750,3.03321e+07
144000,2.78301e+07
144250,2.74739e+07
144500,4.45765e+07
144750,4.39813e+07
145000,4.40014e+07
145250,4.27544e+07
145500,3.78164e+07
145750,4.39924e+07
146000,3.41087e+07
146250,3.90215e+07
146500,4.42219e+07
146750,4.57406e+07
147000,4.17627e+07
147250,3.86619e+07
147500,3.09111e+07
147750,4.42791e+07
148000,4.5486e+07
148250,3.80868e+07
148500,3.40824e+07
148750,4.02211e+07
149000,4.33562e+07
149250,3.38087e+07
149500,3.93616e+07
149750,3.54831e+07
150000,3.00084e+07
150250,3.05122e+07
150500,3.13518e+07
150750,4.16133e+07
151000,4.30053e+07
151250,4.17653e+07
151500,4.66716e+07
151750,4.54853e+07
152000,4.25006e+07
152250,4.96106e+07
152500,4.67898e+07
152750,4.53974e+07
153000,3.7202e+07
153250,4.49334e+07
153500,4.85443e+07
153750,4.89038e+07
154000,4.74096e+07
154250,4.19039e+07
154500,4.24502e+07
154750,4.22672e+07
155000,3.31852e+07
155250,4.23812e+07
155500,3.72015e+07
155750,4.53866e+07
156000,4.61165e+07
156250,4.37219e+07
156500,5.0641e+07
156750,4.89272e+07
157000,4.53141e+07
157250,4.22912e+07
157500,4.56863e+07
157750,4.82853e+07
158000,4.33936e+07
158250,3.78882e+07
158500,4.34806e+07
158750,4.24358e+07
159000,4.39611e+07
159250,3.86473e+07
159500,4.96833e+07
159750,3.25733e+07
160000,3.75438e+07
160250,3.91928e+07
160500,4.59956e+07
160750,4.9668e+07
161000,4.52336e+07
161250,4.38836e+07
161500,4.95923e+07
161750,4.08314e+07
162000,4.56192e+07
162250,4.70525e+07
162500,3.4502e+07
162750,4.94367e+07
163000,4.78512e+07
163250,4.21358e+07
163500,5.05974e+07
163750,4.08009e+07
164000,4.00886e+07
164250,4.44458e+07
164500,3.95413e+07
164750,3.43458e+07
165000,3.1123e+07
165250,4.1685e+07
165500,3.96213e+07
165750,3.18694e+07
166000,3.49631e+07
166250,4.95604e+07
166500,4.07112e+07
166750,3.47389e+07
167000,5.10873e+07
167250,3.71568e+07
167500,3.2861e+07
167750,3.96444e+07
168000,4.59888e+07
168250,3.21741e+07
168500,3.92211e+07
168750,4.03295e+07
169000,4.27722e+07
169250,4.91681e+07
169500,3.24595e+07
169750,4.20107e+07
170000,5.29948e+07
170250,5.25115e+07
170500,3.67483e+07
170750,4.86168e+07
171000,3.57162e+07
171250,4.27352e+07
171500,4.90113e+07
171750,4.4392e+07
172000,4.56016e+07
172250,5.14895e+07
172500,5.17952e+07
172750,5.24029e+07
173000,4.87232e+07
173250,5.30153e+07
173500,5.39824e+07
173750,5.34434e+07
174000,5.45041e+07
174250,5.36406e+07
174500,5.16629e+07
174750,5.37037e+07
175000,5.03778e+07
175250,3.83741e+07
175500,5.41265e+07
175750,3.74644e+07
176000,4.36258e+07
176250,4.92671e+07
176500,5.46506e+07
176750,4.03029e+07
177000,3.40571e+07
177250,3.61675e+07
177500,4.99649e+07
177750,4.78101e+07
178000,5.33669e+07
178250,5.53229e+07
178500,5.11055e+07
178750,5.81375e+07
179000,5.38963e+07
179250,5.3861e+07
179500,5.06647e+07
179750,3.67117e+07
180000,4.85394e+07
180250,4.70462e+07
180500,3.92283e+07
180750,3.45727e+07
181000,3.6698e+07
181250,5.63089e+07
181500,3.47367e+07
181750,3.48491e+07
182000,4.57659e+07
182250,4.80504e+07
182500,4.97533e+07
182750,4.84585e+07
183000,4.01549e+07
183250,5.52874e+07
183500,5.45476e+07
183750,5.6494e+07
184000,5.56013e+07
184250,5.69269e+07
184500,5.23206e+07
184750,5.56445e+07
185000,5.63422e+07
185250,5.82514e+07
185500,3.604e+07
185750,4.99288e+07
186000,3.67291e+07
186250,5.14289e+07
186500,4.64863e+07
186750,5.45143e+07
187000,4.56723e+07
187250,5.19492e+07
187500,5.10339e+07
187750,4.87097e+07
188000,5.62213e+07
188250,5.79054e+07
188500,4.72387e+07
188750,5.18166e+07
189000,5.93821e+07
189250,5.75013e+07
189500,4.78742e+07
189750,3.96057e+07
190000,4.62264e+07
190250,5.8188e+07
190500,4.34928e+07
190750,4.86725e+07
191000,5.7901e+07
191250,5.56196e+07
191500,5.00602e+07
191750,4.66122e+07
192000,5.23609e+07
192250,3.63788e+07
192500,5.85441e+07
192750,5.75662e+07
193000,4.652e+07
193250,5.97463e+07
193500,6.17385e+07
193750,3.96676e+07
194000,4.8244e+07
194250,3.80434e+07
194500,3.72077e+07
194750,5.73873e+07
195000,5.38848e+07
195250,5.86407e+07
195500,5.81298e+07
195750,4.05131e+07
196000,4.84179e+07
196250,5.2989e+07
196500,4.68562e+07
196750,4.24008e+07
197000,6.38119e+07
197250,3.97202e+07
197500,3.87353e+07
197750,3.79602e+07
198000,5.10491e+07
198250,5.00417e+07
198500,3.89607e+07
198750,3.90318e+07
199000,4.98833e+07
199250,5.03457e+07
199500,4.65086e+07
199750,3.95941e+07
200000,4.59227e+07
200250,4.53527e+07
200500,3.99545e+07
200750,5.22e+07
201000,4.02411e+07
201250,4.55823e+07
201500,6.05399e+07
201750,6.2096e+07
202000,6.14997e+07
202250,6.18567e+07
202500,5.99661e+07
202750,6.281e+07
203000,6.41583e+07
203250,6.06951e+07
203500,6.40844e+07
203750,4.88606e+07
204000,4.27167e+07
204250,5.75987e+07
204500,5.09556e+07
204750,5.5304e+07
205000,5.89287e+07
205250,5.53758e+07
205500,5.9569e+07
205750,6.11151e+07
206000,6.53609e+07
206250,5.71047e+07
206500,4.22596e+07
206750,6.13269e+07
207000,5.87847e+07
207250,6.25509e+07
207500,6.11683e+07
207750,5.89811e+07
208000,5.07025e+07
208250,5.99329e+07
208500,5.4263e+07
208750,6.38027e+07
209000,5.64809e+07
209250,4.09222e+07
209500,5.12552e+07
209750,6.82197e+07
210000,5.65652e+07
210250,5.07191e+07
210500,6.26461e+07
210750,5.0352e+07
211000,6.60832e+07
211250,5.23088e+07
211500,5.9507e+07
211750,5.3136e+07
212000,5.95137e+07
212250,5.24362e+07
212500,5.94847e+07
212750,6.17885e+07
213000,5.90598e+07
213250,4.70541e+07
213500,6.00741e+07
213750,4.73039e+07
214000,6.03404e+07
214250,6.84972e+07
214500,6.02582e+07
214750,5.24391e+07
215000,6.18014e+07
215250,5.28786e+07
215500,5.33371e+07
215750,6.65855e+07
216000,5.98878e+07
216250,6.33312e+07
216500,6.11433e+07
216750,4.90499e+07
217000,5.61021e+07
217250,6.64449e+07
217500,5.9546e+07
217750,5.50549e+07
218000,4.46136e+07
218250,5.16796e+07
218500,4.57629e+07
218750,4.56252e+07
219000,4.51938e+07
219250,5.86532e+07
219500,5.96526e+07
219750,4.66685e+07
220000,6.78285e+07
220250,5.53372e+07
220500,5.29829e+07
220750,4.63543e+07
221000,6.20665e+07
221250,7.05527e+07
221500,5.5115e+07
221750,6.15326e+07
222000,6.07897e+07
222250,6.27168e+07
222500,5.97193e+07
222750,5.06484e+07
223000,6.07815e+07
223250,5.30709e+07
223500,4.32104e+07
223750,5.4749e+07
224000,4.94552e+07
224250,6.9892e+07
224500,7.10841e+07
224750,5.5892e+07
225000,5.21774e+07
225250,4.60821e+07
225500,4.83369e+07
225750,5.69952e+07
226000,6.91711e+07
226250,5.49505e+07
226500,5.35258e+07
226750,6.22514e+07
227000,6.41848e+07
227250,5.52104e+07
227500,6.57618e+07
227750,5.80801e+07
228000,6.17454e+07
228250,5.94928e+07
228500,4.91058e+07
228750,5.23802e+07
229000,4.95744e+07
229250,5.16575e+07
229500,6.47731e+07
229750,5.44724e+07
230000,6.19867e+07
230250,7.0615e+07
230500,7.21003e+07
230750,6.18962e+07
231000,6.2541e+07
231250,5.80679e+07
231500,7.29378e+07
231750,5.9569e+07
232000,6.80074e+07
232250,5.03657e+07
232500,7.42503e+07
232750,6.57027e+07
233000,6.1585e+07
233250,5.30093e+07
233500,6.41332e+07
233750,5.84501e+07
234000,5.353e+07
234250,7.37876e+07
234500,7.61301e+07
234750,7.33376e+07
235000,7.57079e+07
235250,7.11458e+07
235500,6.03228e+07
235750,4.81115e+07
236000,7.598e+07
236250,7.57552e+07
236500,5.52193e+07
236750,6.22271e+07
237000,7.36214e+07
237250,7.41118e+07
237500,6.74076e+07
237750,5.83648e+07
238000,6.535e+07
238250,6.50936e+07
238500,5.16071e+07
238750,6.8465e+07
239000,7.58168e+07
239250,6.45361e+07
239500,5.72218e+07
239750,5.52434e+07
240000,6.55162e+07
240250,7.52406e+07
240500,6.73189e+07
240750,6.92559e+07
241000,5.98789e+07
241250,4.66312e+07
241500,5.06298e+07
241750,4.66315e+07
242000,7.3388e+07
242250,6.51775e+07
242500,7.47521e+07
242750,5.15623e+07
243000,5.9626e+07
243250,7.46158e+07
243500,6.39632e+07
243750,6.80006e+07
244000,6.56136e+07
244250,5.40981e+07
244500,7.30373e+07
244750,5.4016e+07
245000,6.58855e+07
245250,5.97095e+07
245500,5.78322e+07
245750,6.32775e+07
246000,5.43933e+07
246250,6.27782e+07
246500,5.06951e+07
246750,6.52212e+07
247000,6.9885e+07
247250,6.37218e+07
247500,7.47704e+07
247750,6.18195e+07
248000,7.8167e+07
248250,7.79298e+07
248500,5.64273e+07
248750,7.52736e+07
249000,6.31827e+07
249250,6.5337e+07
249500,7.01438e+07
249750,6.25878e+07
250000,7.76842e+07
250250,7.52503e+07
250500,5.54698e+07
250750,6.80331e+07
251000,4.88101e+07
251250,6.11803e+07
251500,5.63348e+07
251750,6.3479e+07
252000,7.09082e+07
252250,6.2548e+07
252500,4.88693e+07
252750,5.763e+07
253000,8.07387e+07
253250,6.79367e+07
253500,7.32666e+07
253750,6.302e+07
254000,6.8481e+07
254250,6.03274e+07
254500,7.67906e+07
254750,8.27553e+07
255000,5.62344e+07
255250,5.11792e+07
255500,5.13196e+07
255750,7.66376e+07
256000,6.37344e+07
256250,7.26998e+07
256500,7.34885e+07
256750,7.33584e+07
257000,7.18002e+07
257250,6.44209e+07
257500,7.61879e+07
257750,8.33429e+07
258000,7.7822e+07
258250,7.33072e+07
258500,6.56523e+07
258750,5.15424e+07
259000,7.36317e+07
259250,6.86449e+07
259500,5.21463e+07
259750,6.85488e+07
260000,7.79836e+07
260250,8.07139e+07
260500,7.31729e+07
260750,6.01952e+07
261000,6.34872e+07
261250,7.07192e+07
261500,5.17371e+07
261750,7.17526e+07
262000,7.67351e+07
262250,6.10371e+07
262500,5.10857e+07
262750,6.56933e+07
263000,7.30013e+07
263250,7.21142e+07
263500,7.58761e+07
263750,5.65291e+07
264000,6.82426e+07
264250,5.50533e+07
264500,6.97393e+07
264750,5.85452e+07
265000,5.38334e+07
265250,6.09987e+07
265500,6.7201e+07
265750,6.51815e+07
266000,8.50492e+07
266250,7.56825e+07
266500,7.18705e+07
266750,8.07115e+07
267000,6.39239e+07
267250,8.2201e+07
267500,8.40109e+07
267750,8.34349e+07
268000,8.53622e+07
268250,6.75051e+07
268500,5.83129e+07
268750,6.33265e+07
269000,7.03643e+07
269250,5.16171e+07
269500,6.33193e+07
269750,6.0311e+07
270000,5.29063e+07
270250,7.56266e+07
270500,7.16332e+07
270750,7.17189e+07
271000,6.74335e+07
271250,7.98555e+07
271500,5.39279e+07
271750,6.43433e+07
272000,8.22931e+07
272250,8.48485e+07
272500,8.1863e+07
272750,8.40252e+07
273000,6.10174e+07
273250,7.56881e+07
273500,8.67849e+07
273750,8.78704e+07
274000,8.05352e+07
274250,6.68312e+07
274500,6.90142e+07
274750,5.6156e+07
275000,7.60448e+07
275250,7.46105e+07
275500,8.73127e+07
275750,7.06686e+07
276000,7.92206e+07
276250,8.34183e+07
276500,8.48398e+07
276750,7.75632e+07
277000,8.19024e+07
277250,8.01078e+07
277500,8.14122e+07
277750,6.81151e+07
278000,7.64061e+07
278250,5.40366e+07
278500,7.33856e+07
278750,7.4952e+07
279000,8.56892e+07
279250,6.83984e+07
279500,7.9663e+07
279750,5.66978e+07
280000,8.27596e+07
280250,7.87874e+07
280500,7.84469e+07
280750,8.03431e+07
281000,8.16317e+07
281250,7.51376e+07
281500,6.39581e+07
281750,5.50435e+07
282000,5.67149e+07
282250,7.23902e+07
282500,7.56877e+07
282750,7.98768e+07
283000,8.05474e+07
283250,8.03225e+07
283500,8.52248e+07
283750,6.79595e+07
284000,7.47975e+07
284250,6.86408e+07
284500,6.10133e+07
284750,7.6095e+07
285000,6.39249e+07
285250,7.6303e+07
285500,6.57592e+07
285750,5.75739e+07
286000,6.74053e+07
286250,7.13949e+07
286500,8.73404e+07
286750,7.30896e+07
287000,9.10284e+07
287250,9.04651e+07
287500,6.37201e+07
287750,5.73539e+07
288000,5.73507e+07
288250,5.61397e+07
288500,5.58342e+07
288750,6.48114e+07
289000,7.29443e+07
289250,5.48674e+07
289500,5.60507e+07
289750,6.07246e+07
290000,5.78413e+07
290250,6.61784e+07
290500,5.6725e+07
290750,6.16185e+07
291000,7.502e+07
291250,7.55088e+07
291500,7.45995e+07
291750,8.22663e+07
292000,5.80575e+07
292250,7.58294e+07
292500,9.18772e+07
292750,7.16258e+07
293000,5.78829e+07
293250,6.9023e+07
293500,5.6447e+07
293750,5.85271e+07
294000,5.76473e+07
294250,5.70307e+07
294500,8.18509e+07
294750,6.27362e+07
295000,6.8566e+07
295250,8.34076e+07
295500,8.72826e+07
295750,7.65497e+07
296000,7.35627e+07
296250,5.69803e+07
296500,8.04497e+07
296750,9.1372e+07
297000,8.0619e+07
297250,7.97357e+07
297500,6.27539e+07
297750,8.54234e+07
298000,8.33869e+07
298250,8.84617e+07
298500,6.08998e+07
298750,8.1682e+07
299000,6.96971e+07
299250,7.9485e+07
299500,7.47128e+07
299750,8.45033e+07
300000,8.30628e+07
300250,7.92706e+07
300500,6.90017e+07
300750,9.59305e+07
301000,7.62979e+07
301250,5.96928e+07
301500,6.17925e+07
301750,5.97346e+07
302000,7.80047e+07
302250,8.42844e+07
302500,7.46453e+07
302750,8.71598e+07
303000,9.37751e+07
303250,8.48809e+07
303500,7.85584e+07
303750,8.78257e+07
304000,7.56578e+07
304250,6.0607e+07
304500,7.2179e+07
304750,6.31149e+07
305000,6.1869e+07
305250,6.12261e+07
305500,7.50125e+07
305750,6.63819e+07
306000,7.35528e+07
306250,1.00052e+08
306500,9.76016e+07
306750,5.99061e+07
307000,7.0694e+07
307250,8.90768e+07
307500,8.63226e+07
307750,6.16612e+07
308000,8.26762e+07
308250,6.07411e+07
308500,7.46173e+07
308750,6.01947e+07
309000,8.51045e+07
309250,9.34385e+07
309500,6.7704e+07
309750,8.53022e+07
310000,7.54733e+07
310250,7.08207e+07
310500,6.25941e+07
310750,6.5679e+07
311000,9.69185e+07
311250,9.99253e+07
311500,9.63286e+07
311750,8.04923e+07
312000,8.01651e+07
312250,9.6681e+07
312500,7.24052e+07
312750,8.92849e+07
313000,8.13912e+07
313250,9.24865e+07
313500,8.98956e+07
313750,9.21208e+07
314000,1.02437e+08
314250,8.99818e+07
314500,8.65492e+07
314750,7.95408e+07
315000,6.33217e+07
315250,6.7778e+07
315500,6.18269e+07
315750,8.69125e+07
316000,7.79805e+07
316250,8.6656e+07
316500,9.97237e+07
316750,6.38677e+07
317000,6.10605e+07
317250,6.22142e+07
317500,6.24466e+07
317750,8.94215e+07
318000,8.14786e+07
318250,8.78124e+07
318500,8.71527e+07
318750,8.00384e+07
319000,6.31939e+07
319250,7.81649e+07
319500,6.28237e+07
319750,6.21216e+07
320000,7.73115e+07
320250,9.16232e+07
320500,6.26533e+07
320750,9.62233e+07
321000,9.69026e+07
321250,6.7996e+07
321500,9.63578e+07
321750,6.52406e+07
322000,6.31838e+07
322250,9.83268e+07
322500,7.45512e+07
322750,9.08729e+07
323000,8.41522e+07
323250,8.9042e+07
323500,9.28412e+07
323750,1.07484e+08
324000,1.04062e+08
324250,9.70877e+07
324500,9.47564e+07
324750,8.61704e+07
325000,8.28485e+07
325250,7.13527e+07
325500,6.43044e+07
325750,8.30574e+07
326000,7.53838e+07
326250,8.38572e+07
326500,8.5683e+07
326750,1.04926e+08
327000,1.04946e+08
327250,9.47925e+07
327500,8.36599e+07
327750,9.66065e+07
328000,7.75838e+07
328250,8.39384e+07
328500,8.08372e+07
328750,9.50741e+07
329000,9.01867e+07
329250,9.33087e+07
329500,8.61515e+07
329750,8.78772e+07
330000,1.0666e+08
330250,9.13158e+07
330500,6.5743e+07
330750,6.92304e+07
331000,8.76691e+07
331250,8.0112e+07
331500,6.78352e+07
331750,7.38505e+07
332000,1.05303e+08
332250,8.35255e+07
332500,1.00591e+08
332750,9.55983e+07
333000,8.71405e+07
333250,6.99923e+07
333500,7.20616e+07
333750,1.01056e+08
334000,9.36511e+07
334250,1.0755e+08
334500,1.0419e+08
334750,1.02922e+08
335000,9.54297e+07
335250,9.70294e+07
335500,6.61284e+07
335750,6.59548e+07
336000,1.05841e+08
336250,1.05245e+08
336500,8.03344e+07
336750,6.69543e+07
337000,7.11612e+07
337250,7.98997e+07
337500,7.72204e+07
337750,8.35388e+07
338000,8.59313e+07
338250,6.53949e+07
338500,6.50153e+07
338750,6.6904e+07
339000,6.81866e+07
339250,6.68056e+07
339500,8.31601e+07
339750,1.05872e+08
340000,6.84034e+07
340250,6.83694e+07
340500,6.70574e+07
340750,6.65616e+07
341000,6.55116e+07
341250,8.74619e+07
341500,1.07541e+08
341750,1.05224e+08
342000,7.94846e+07
342250,7.95201e+07
342500,8.16977e+07
342750,7.43491e+07
343000,6.58872e+07
343250,9.98954e+07
343500,6.78209e+07
343750,6.82642e+07
344000,9.16401e+07
344250,6.51833e+07
344500,6.63154e+07
344750,6.5576e+07
345000,6.70074e+07
345250,6.61257e+07
345500,6.77651e+07
345750,6.89647e+07
346000,6.71948e+07
346250,6.9828e+07
346500,1.08093e+08
346750,6.70019e+07
347000,7.0363e+07
347250,6.79825e+07
347500,6.64027e+07
347750,9.83602e+07
348000,1.00725e+08
348250,1.02387e+08
348500,8.70139e+07
348750,9.66487e+07
349000,6.8198e+07
349250,6.71187e+07
349500,6.8058e+07
349750,6.76723e+07
350000,6.91807e+07
350250,6.91268e+07
350500,6.69992e+07
350750,6.82756e+07
351000,6.79344e+07
351250,6.91768e+07
351500,7.97219e+07
351750,1.02488e+08
352000,7.62711e+07
352250,6.81207e+07
352500,6.9179e+07
352750,6.86024e+07
353000,6.9817e+07
353250,6.87063e+07
353500,6.84089e+07
353750,6.89397e+07
354000,7.81678e+07
354250,1.09576e+08
354500,8.18632e+07
354750,6.95501e+07
355000,7.06014e+07
355250,7.83986e+07
355500,1.1279e+08
355750,7.8731e+07
356000,8.00499e+07
356250,7.0079e+07
356500,6.93479e+07
356750,6.83441e+07
357000,6.92835e+07
357250,8.25791e+07
357500,7.40766e+07
357750,6.94916e+07
358000,6.99953e+07
358250,6.91668e+07
358500,1.07432e+08
358750,1.08786e+08
359000,1.09061e+08
359250,8.71182e+07
359500,8.34477e+07
359750,1.14345e+08
360000,1.13838e+08
360250,9.88381e+07
360500,6.86346e+07
360750,6.92956e+07
361000,7.41966e+07
361250,1.12889e+08
361500,1.1139e+08
361750,6.97158e+07
362000,6.99791e+07
362250,7.05114e+07
362500,8.88603e+07
362750,1.07661e+08
363000,9.88912e+07
363250,9.56252e+07
363500,1.06692e+08
363750,1.11366e+08
364000,7.67385e+07
364250,1.20313e+08
364500,7.05084e+07
364750,7.05981e+07
365000,7.1422e+07
365250,7.12711e+07
365500,9.5269e+07
365750,7.06797e+07
366000,9.1031e+07
366250,7.6806e+07
366500,8.10784e+07
366750,7.80353e+07
367000,1.03762e+08
367250,1.03863e+08
367500,7.46045e+07
367750,9.32671e+07
368000,8.28954e+07
368250,7.41636e+07
368500,7.78302e+07
368750,1.14542e+08
369000,1.02418e+08
369250,8.56518e+07
369500,9.24585e+07
369750,1.06541e+08
370000,1.1059e+08
370250,8.51192e+07
370500,7.38711e+07
370750,8.22254e+07
371000,7.36994e+07
371250,7.54933e+07
371500,8.41609e+07
371750,9.42179e+07
372000,1.02527e+08
372250,1.23663e+08
372500,7.33486e+07
372750,7.40436e+07
373000,1.0863e+08
373250,1.11955e+08
373500,9.42142e+07
373750,1.08506e+08
374000,8.26103e+07
374250,9.00096e+07
374500,1.11253e+08
374750,1.09201e+08
375000,9.81286e+07
375250,1.15527e+08
375500,7.55638e+07
375750,8.04771e+07
376000,8.06385e+07
376250,8.39675e+07
376500,1.21265e+08
376750,8.82429e+07
377000,7.78965e+07
377250,1.15865e+08
377500,7.89287e+07
377750,8.97817e+07
378000,7.51467e+07
378250,8.21744e+07
378500,1.19282e+08
378750,1.02969e+08
379000,1.03017e+08
379250,1.22033e+08
379500,1.05837e+08
379750,1.14892e+08
380000,9.22436e+07
380250,1.09648e+08
380500,7.57703e+07
380750,1.00624e+08
381000,1.12826e+08
381250,1.07043e+08
381500,1.19548e+08
381750,1.0573e+08
382000,1.02006e+08
382250,8.47625e+07
382500,9.0367e+07
382750,8.83627e+07
383000,1.21563e+08
383250,1.10642e+08
383500,9.82667e+07
383750,9.43977e+07
384000,1.12839e+08
384250,1.03526e+08
384500,1.26289e+08
384750,8.7539e+07
385000,9.42564e+07
385250,8.42643e+07
385500,1.00448e+08
385750,1.14435e+08
386000,1.11455e+08
386250,1.09608e+08
386500,1.10036e+08
386750,1.16019e+08
387000,7.61347e+07
387250,7.7398e+07
387500,8.34014e+07
387750,9.13114e+07
388000,8.99209e+07
388250,1.19296e+08
388500,1.0096e+08
388750,1.15411e+08
389000,1.13288e+08
389250,8.41609e+07
389500,1.13688e+08
389750,1.07031e+08
390000,1.21418e+08
390250,1.07158e+08
390500,1.02437e+08
390750,1.10797e+08
391000,1.12737e+08
391250,1.10933e+08
391500,9.45792e+07
391750,1.13893e+08
392000,1.0225e+08
392250,1.1329e+08
392500,8.5107e+07
392750,1.24609e+08
393000,1.0897e+08
393250,1.16598e+08
393500,9.2812e+07
393750,1.31975e+08
394000,1.19163e+08
394250,9.48993e+07
394500,1.1107e+08
394750,9.0825e+07
395000,1.19454e+08
395250,1.24e+08
395500,1.1402e+08
395750,7.97784e+07
396000,1.12459e+08
396250,1.0052e+08
396500,1.00149e+08
396750,8.96157e+07
397000,1.04091e+08
397250,1.22297e+08
397500,1.22785e+08
397750,1.24821e+08
398000,1.29925e+08
398250,1.17629e+08
398500,1.11959e+08
398750,1.22374e+08
399000,1.20561e+08
399250,1.22053e+08
399500,1.03016e+08
399750,1.08364e+08
400000,1.23497e+08
400250,1.05842e+08
400500,1.27963e+08
400750,1.00574e+08
401000,1.28598e+08
401250,1.16063e+08
401500,1.25599e+08
401750,1.23871e+08
402000,1.25662e+08
402250,1.26709e+08
402500,9.04765e+07
402750,1.14572e+08
403000,7.93071e+07
403250,1.17422e+08
403500,1.15811e+08
403750,1.0582e+08
404000,1.12857e+08
404250,9.88325e+07
404500,8.12785e+07
404750,9.07987e+07
405000,7.98612e+07
405250,8.84193e+07
405500,1.09011e+08
405750,9.53025e+07
406000,7.99595e+07
406250,1.14027e+08
406500,1.13952e+08
406750,8.15976e+07
407000,1.15217e+08
407250,1.15181e+08
407500,1.19987e+08
407750,1.17951e+08
408000,1.1841e+08
408250,8.21468e+07
408500,1.25145e+08
408750,8.09556e+07
409000,9.63002e+07
409250,1.17178e+08
409500,1.14066e+08
409750,9.85949e+07
410000,9.11676e+07
410250,1.00246e+08
410500,1.24698e+08
410750,1.28175e+08
411000,1.17118e+08
411250,9.98658e+07
411500,1.17908e+08
411750,1.07719e+08
412000,1.0436e+08
412250,9.98192e+07
412500,8.5873e+07
412750,7.96849e+07
413000,1.16036e+08
413250,1.15761e+08
413500,9.49612e+07
413750,1.2408e+08
414000,1.00842e+08
414250,8.3587e+07
414500,1.11592e+08
414750,1.31644e+08
415000,1.34767e+08
415250,8.80953e+07
415500,8.39222e+07
415750,9.6506e+07
416000,9.74079e+07
416250,1.22326e+08
416500,1.33004e+08
416750,1.27394e+08
417000,1.19174e+08
417250,1.1712e+08
417500,1.09874e+08
417750,1.06423e+08
418000,1.20477e+08
418250,1.20785e+08
418500,1.32999e+08
418750,1.18395e+08
419000,1.18235e+08
419250,1.21288e+08
419500,1.20431e+08
419750,1.02319e+08
420000,1.16565e+08
420250,1.04755e+08
420500,1.29933e+08
420750,1.11967e+08
421000,1.21373e+08
421250,1.32884e+08
421500,1.35088e+08
421750,9.05681e+07
422000,9.72201e+07
422250,1.20717e+08
422500,1.1427e+08
422750,1.34969e+08
423000,1.36714e+08
423250,1.00655e+08
423500,1.22094e+08
423750,1.2361e+08
424000,1.08178e+08
424250,1.39728e+08
424500,1.27786e+08
424750,1.29956e+08
425000,8.65501e+07
425250,1.13057e+08
425500,1.31051e+08
425750,1.26899e+08
426000,1.19752e+08
426250,1.35264e+08
426500,1.28995e+08
426750,1.22662e+08
427000,1.34825e+08
427250,1.05951e+08
427500,1.2902e+08
427750,9.61447e+07
428000,1.21854e+08
428250,1.03848e+08
428500,8.52092e+07
428750,9.62308e+07
429000,8.49804e+07
429250,1.12209e+08
429500,1.04744e+08
429750,1.07894e+08
430000,9.18728e+07
430250,9.19135e+07
430500,1.08705e+08
430750,1.23759e+08
431000,9.7421e+07
431250,8.54054e+07
431500,1.07661e+08
431750,8.77391e+07
432000,1.12552e+08
432250,9.86962e+07
432500,8.91778e+07
432750,1.39869e+08
433000,1.28302e+08
433250,1.14868e+08
433500,1.1293e+08
433750,1.17242e+08
434000,8.73092e+07
434250,8.54303e+07
434500,8.63144e+07
434750,9.43633e+07
435000,1.3306e+08
435250,1.13567e+08
435500,1.19604e+08
435750,1.27392e+08
436000,9.17477e+07
436250,1.26444e+08
436500,1.15853e+08
436750,1.26284e+08
437000,1.40579e+08
437250,1.45028e+08
437500,1.16389e+08
437750,1.15657e+08
438000,1.00286e+08
438250,1.36655e+08
438500,1.38125e+08
438750,1.33259e+08
439000,1.24643e+08
439250,1.309e+08
439500,1.45986e+08
439750,1.37289e+08
440000,1.42567e+08
440250,1.28198e+08
440500,8.69108e+07
440750,1.07393e+08
441000,9.77917e+07
441250,8.62831e+07
441500,1.36221e+08
441750,1.27814e+08
442000,1.26218e+08
442250,1.29147e+08
442500,1.29415e+08
442750,1.25765e+08
443000,1.2626e+08
443250,1.2621e+08
443500,1.24003e+08
443750,1.22887e+08
444000,1.20673e+08
444250,1.03249e+08
444500,1.01503e+08
444750,1.18226e+08
445000,1.30289e+08
445250,1.13061e+08
445500,1.07012e+08
445750,1.13571e+08
446000,1.32741e+08
446250,1.42163e+08
446500,1.43036e+08
446750,1.44156e+08
447000,1.39433e+08
447250,9.19725e+07
447500,1.24015e+08
447750,1.32103e+08
448000,1.29738e+08
448250,1.31544e+08
448500,1.31877e+08
448750,1.31351e+08
449000,1.32427e+08
449250,1.3013e+08
449500,1.30143e+08
449750,1.15724e+08
450000,9.42216e+07
450250,1.15264e+08
450500,1.27656e+08
450750,1.19028e+08
451000,1.30403e+08
451250,1.24925e+08
451500,1.20008e+08
451750,9.57164e+07
452000,1.12561e+08
452250,1.25338e+08
452500,1.20974e+08
452750,1.51455e+08
453000,1.10467e+08
453250,9.29813e+07
453500,1.12252e+08
453750,1.07446e+08
454000,1.29882e+08
454250,1.04333e+08
454500,1.22798e+08
454750,1.14548e+08
455000,1.08169e+08
455250,9.58789e+07
455500,1.25477e+08
455750,1.46538e+08
456000,9.03517e+07
456250,9.25487e+07
456500,8.9723e+07
456750,1.33109e+08
457000,1.07357e+08
457250,9.57559e+07
457500,9.27425e+07
457750,9.86277e+07
458000,1.31819e+08
458250,1.29159e+08
458500,1.31482e+08
458750,1.1045e+08
459000,1.08724e+08
459250,1.34493e+08
459500,1.48154e+08
459750,1.28559e+08
460000,1.27618e+08
460250,1.57271e+08
460500,1.20522e+08
460750,1.54898e+08
461000,1.41037e+08
461250,1.34777e+08
461500,1.38762e+08
461750,1.34392e+08
462000,1.36308e+08
462250,1.5372e+08
462500,1.08374e+08
462750,9.08135e+07
463000,1.26953e+08
463250,9.65396e+07
463500,1.34015e+08
463750,1.58271e+08
464000,1.47616e+08
464250,9.84204e+07
464500,1.32168e+08
464750,1.27347e+08
465000,1.12925e+08
465250,1.34954e+08
465500,1.35623e+08
465750,1.14442e+08
466000,1.20432e+08
466250,1.51961e+08
466500,1.42307e+08
466750,1.36208e+08
467000,1.34836e+08
467250,1.31856e+08
467500,1.38313e+08
467750,1.34254e+08
468000,1.34652e+08
468250,1.20382e+08
468500,1.51939e+08
468750,1.40963e+08
469000,1.47095e+08
469250,1.4023e+08
469500,1.09976e+08
469750,1.22918e+08
470000,1.30657e+08
470250,1.12038e+08
470500,1.33767e+08
470750,9.30695e+07
471000,9.74232e+07
471250,1.08425e+08
471500,1.37234e+08
471750,1.13395e+08
472000,9.2788e+07
472250,1.10439e+08
472500,1.35126e+08
472750,1.32738e+08
473000,1.21068e+08
473250,1.35466e+08
473500,9.59052e+07
473750,9.24067e+07
474000,1.16809e+08
474250,1.31606e+08
474500,1.43216e+08
474750,1.45763e+08
475000,1.47074e+08
475250,1.46594e+08
475500,1.43785e+08
475750,1.04082e+08
476000,1.43644e+08
476250,1.29464e+08
476500,1.39344e+08
476750,1.3646e+08
477000,1.35271e+08
477250,1.36964e+08
477500,1.08322e+08
477750,1.16753e+08
478000,1.3968e+08
478250,1.54407e+08
478500,1.49783e+08
478750,1.10515e+08
479000,1.27319e+08
479250,1.28534e+08
479500,1.42567e+08
479750,1.40222e+08
480000,1.36947e+08
480250,1.37348e+08
480500,1.38599e+08
480750,1.23297e+08
481000,1.47792e+08
481250,1.47408e+08
481500,1.51183e+08
481750,1.52784e+08
482000,9.60165e+07
482250,1.45345e+08
482500,1.02999e+08
482750,1.05859e+08
483000,9.84803e+07
483250,9.6653e+07
483500,1.07889e+08
483750,1.38467e+08
484000,1.14113e+08
484250,1.41588e+08
484500,1.57235e+08
484750,1.30627e+08
485000,9.67248e+07
485250,1.54958e+08
485500,1.59482e+08
485750,1.55317e+08
486000,1.5096e+08
486250,1.28798e+08
486500,1.32069e+08
486750,1.39052e+08
487000,1.37781e+08
487250,1.43685e+08
487500,1.06217e+08
487750,1.32088e+08
488000,1.02401e+08
488250,1.0449e+08
488500,1.4069e+08
488750,1.52234e+08
489000,1.52832e+08
489250,1.52226e+08
489500,1.22285e+08
489750,1.0085e+08
490000,1.48311e+08
490250,1.3122e+08
490500,1.40345e+08
490750,1.42447e+08
491000,1.40971e+08
491250,1.42312e+08
491500,1.09339e+08
491750,1.44725e+08
492000,9.83069e+07
492250,1.12588e+08
492500,9.65823e+07
492750,9.88298e+07
493000,1.07718e+08
493250,1.12554e+08
493500,1.11382e+08
493750,1.35678e+08
494000,1.248e+08
494250,1.24244e+08
494500,1.26443e+08
494750,1.5306e+08
495000,9.96268e+07
495250,1.33396e+08
495500,1.45808e+08
495750,1.51642e+08
496000,1.62526e+08
496250,1.63922e+08
496500,1.55858e+08
496750,1.36909e+08
497000,1.11685e+08
497250,1.02904e+08
497500,9.85794e+07
497750,1.09674e+08
498000,1.44955e+08
498250,1.33677e+08
498500,1.39292e+08
498750,1.00513e+08
499000,1.07728e+08
499250,1.52834e+08
499500,1.50359e+08
499750,1.63156e+08
500000,1.43444e+08
500250,1.09742e+08
500500,1.48254e+08
500750,1.52256e+08
501000,1.45971e+08
501250,1.46918e+08
501500,1.06942e+08
501750,1.51652e+08
502000,1.58885e+08
502250,1.62221e+08
502500,1.66358e+08
502750,1.64782e+08
503000,1.70908e+08
503250,1.08709e+08
503500,1.21619e+08
503750,1.09219e+08
504000,1.4946e+08
504250,1.44577e+08
504500,1.40939e+08
504750,1.67493e+08
505000,1.31162e+08
505250,1.41132e+08
505500,1.46655e+08
505750,1.4598e+08
506000,1.46071e+08
506250,1.12567e+08
506500,1.5459e+08
506750,1.14976e+08
507000,1.66252e+08
507250,1.66584e+08
507500,1.02211e+08
507750,1.47551e+08
508000,1.46041e+08
508250,1.32619e+08
508500,1.01945e+08
508750,9.92367e+07
509000,1.45283e+08
509250,1.47165e+08
509500,1.44965e+08
509750,1.29836e+08
510000,1.45255e+08
510250,1.01942e+08
510500,1.64854e+08
510750,1.55165e+08
511000,1.67342e+08
511250,1.65488e+08
511500,1.02067e+08
511750,1.02266e+08
512000,1.68173e+08
512250,1.72635e+08
512500,1.6902e+08
512750,1.7017e+08
513000,1.2276e+08
513250,1.03264e+08
513500,1.01432e+08
513750,1.46346e+08
514000,1.46072e+08
514250,1.6157e+08
514500,1.56378e+08
514750,1.02445e+08
515000,1.23427e+08
515250,1.2259e+08
515500,1.49852e+08
515750,1.0098e+08
516000,1.02929e+08
516250,1.05729e+08
516500,1.01986e+08
516750,1.10289e+08
517000,1.51033e+08
517250,1.26991e+08
517500,1.44987e+08
517750,1.16305e+08
518000,1.01624e+08
518250,1.28316e+08
518500,1.63157e+08
518750,1.02911e+08
519000,1.34175e+08
519250,1.68811e+08
519500,1.72728e+08
519750,1.45736e+08
520000,1.03374e+08
520250,1.04805e+08
520500,1.04387e+08
520750,1.04432e+08
521000,1.44102e+08
521250,1.53283e+08
521500,1.53056e+08
521750,1.52645e+08
522000,1.57015e+08
522250,1.42696e+08
522500,1.39838e+08
522750,1.70009e+08
523000,1.46012e+08
523250,1.37399e+08
523500,1.3086e+08
523750,1.67636e+08
524000,1.14708e+08
524250,1.49953e+08
524500,1.48608e+08
524750,1.54599e+08
525000,1.53833e+08
525250,1.33667e+08
525500,1.47447e+08
525750,1.53838e+08
526000,1.53417e+08
526250,1.58357e+08
526500,1.53637e+08
526750,1.55383e+08
527000,1.12638e+08
527250,1.60568e+08
527500,1.10768e+08
527750,1.046e+08
528000,1.05034e+08
528250,1.43625e+08
528500,1.74353e+08
528750,1.45764e+08
529000,1.41919e+08
529250,1.41366e+08
529500,1.53359e+08
529750,1.36722e+08
530000,1.6581e+08
530250,1.05282e+08
530500,1.05273e+08
530750,1.04841e+08
531000,1.39525e+08
531250,1.2666e+08
531500,1.53472e+08
531750,1.47057e+08
532000,1.05692e+08
532250,1.21211e+08
532500,1.45773e+08
532750,1.32281e+08
533000,1.3892e+08
533250,1.55799e+08
533500,1.53622e+08
533750,1.40259e+08
534000,1.41364e+08
534250,1.44165e+08
534500,1.69617e+08
534750,1.50452e+08
535000,1.62548e+08
535250,1.58593e+08
535500,1.58273e+08
535750,1.19844e+08
536000,1.54121e+08
536250,1.51682e+08
536500,1.56312e+08
536750,1.57255e+08
537000,1.2211e+08
537250,1.3867e+08
537500,1.10463e+08
537750,1.06066e+08
538000,1.1302e+08
538250,1.55626e+08
538500,1.56308e+08
538750,1.16492e+08
539000,1.08315e+08
539250,1.21412e+08
539500,1.58849e+08
539750,1.24843e+08
540000,1.59853e+08
540250,1.11276e+08
540500,1.09791e+08
540750,1.26155e+08
541000,1.46053e+08
541250,1.55263e+08
541500,1.5954e+08
541750,1.69022e+08
542000,1.27836e+08
542250,1.25496e+08
542500,1.09294e+08
542750,1.08138e+08
543000,1.11549e+08
543250,1.06846e+08
543500,1.06556e+08
543750,1.06406e+08
544000,1.0802e+08
544250,1.10814e+08
544500,1.16414e+08
544750,1.19752e+08
545000,1.21086e+08
545250,1.61172e+08
545500,1.6459e+08
545750,1.61037e+08
546000,1.53021e+08
546250,1.64347e+08
546500,1.28255e+08
546750,1.59168e+08
547000,1.6909e+08
547250,1.63721e+08
547500,1.5754e+08
547750,1.48814e+08
548000,1.62568e+08
548250,1.36551e+08
548500,1.61524e+08
548750,1.58606e+08
549000,1.27391e+08
549250,1.2156e+08
549500,1.39498e+08
549750,1.59739e+08
550000,1.20846e+08
550250,1.31015e+08
550500,1.72987e+08
550750,1.52997e+08
551000,1.61574e+08
551250,1.50232e+08
551500,1.51206e+08
551750,1.58264e+08
552000,1.46131e+08
552250,1.09334e+08
552500,1.40154e+08
552750,1.58307e+08
553000,1.59737e+08
553250,1.11611e+08
553500,1.44546e+08
553750,1.08803e+08
554000,1.11465e+08
554250,1.43085e+08
554500,1.56989e+08
554750,1.61951e+08
555000,1.48218e+08
555250,1.57792e+08
555500,1.41872e+08
555750,1.14351e+08
556000,1.48221e+08
556250,1.386e+08
556500,1.17108e+08
556750,1.84425e+08
557000,1.78692e+08
557250,1.8244e+08
557500,1.64929e+08
557750,1.12054e+08
558000,1.47643e+08
558250,1.61818e+08
558500,1.32447e+08
558750,1.365e+08
559000,1.18213e+08
559250,1.64677e+08
559500,1.63355e+08
559750,1.16791e+08
560000,1.09988e+08
560250,1.13389e+08
560500,1.45923e+08
560750,1.45623e+08
561000,1.29577e+08
561250,1.47013e+08
561500,1.62817e+08
561750,1.62414e+08
562000,1.73537e+08
562250,1.61636e+08
562500,1.64368e+08
562750,1.42462e+08
563000,1.27222e+08
563250,1.12948e+08
563500,1.10696e+08
563750,1.19575e+08
564000,1.45401e+08
564250,1.65137e+08
564500,1.16672e+08
564750,1.59891e+08
565000,1.11914e+08
565250,1.1406e+08
565500,1.33092e+08
565750,1.36864e+08
566000,1.60665e+08
566250,1.61612e+08
566500,1.65093e+08
566750,1.21276e+08
567000,1.13373e+08
567250,1.53935e+08
567500,1.67018e+08
567750,1.5534e+08
568000,1.8108e+08
568250,1.77113e+08
568500,1.34536e+08
568750,1.2923e+08
569000,1.16196e+08
569250,1.53895e+08
569500,1.76093e+08
569750,1.42334e+08
570000,1.61708e+08
570250,1.59904e+08
570500,1.66189e+08
570750,1.65073e+08
571000,1.67278e+08
571250,1.65279e+08
571500,1.19656e+08
571750,1.31449e+08
572000,1.67102e+08
572250,1.63491e+08
572500,1.51375e+08
572750,1.14978e+08
573000,1.58112e+08
573250,1.1533e+08
573500,1.39234e+08
573750,1.57752e+08
574000,1.67106e+08
574250,1.62398e+08
574500,1.67917e+08
574750,1.4596e+08
575000,1.63051e+08
575250,1.36798e+08
575500,1.14516e+08
575750,1.13965e+08
576000,1.60878e+08
576250,1.57358e+08
576500,1.56705e+08
576750,1.12597e+08
577000,1.14207e+08
577250,1.43975e+08
577500,1.80343e+08
577750,1.70417e+08
578000,1.65346e+08
578250,1.6366e+08
578500,1.16969e+08
578750,1.4712e+08
579000,1.26698e+08
579250,1.14127e+08
579500,1.16782e+08
579750,1.38091e+08
580000,1.79288e+08
580250,1.76736e+08
580500,1.65948e+08
580750,1.596e+08
581000,1.2718e+08
581250,1.20615e+08
581500,1.56329e+08
581750,1.69674e+08
582000,1.54095e+08
582250,1.13915e+08
582500,1.13929e+08
582750,1.14888e+08
583000,1.15613e+08
583250,1.34798e+08
583500,1.77772e+08
583750,1.1826e+08
584000,1.31656e+08
584250,1.17242e+08
584500,1.17989e+08
584750,1.15701e+08
585000,1.63079e+08
585250,1.62358e+08
585500,1.51586e+08
585750,1.7381e+08
586000,1.4577e+08
586250,1.51058e+08
586500,1.70577e+08
586750,1.2208e+08
587000,1.53705e+08
587250,1.15405e+08
587500,1.76423e+08
587750,1.25531e+08
588000,1.33981e+08
588250,1.21122e+08
588500,1.17109e+08
588750,1.17226e+08
589000,1.41094e+08
589250,1.27823e+08
589500,1.67578e+08
589750,1.69822e+08
590000,1.7187e+08
590250,1.67536e+08
590500,1.69885e+08
590750,1.28986e+08
591000,1.41193e+08
591250,1.17457e+08
591500,1.17628e+08
591750,1.17419e+08
592000,1.16041e+08
592250,1.16745e+08
592500,1.18467e+08
592750,1.56577e+08
593000,1.74943e+08
593250,1.72459e+08
593500,1.84274e+08
593750,1.23183e+08
594000,1.83539e+08
594250,1.26315e+08
594500,1.59457e+08
594750,1.71485e+08
595000,1.69125e+08
595250,1.61532e+08
595500,1.21604e+08
595750,1.47066e+08
596000,1.79141e+08
596250,1.68297e+08
596500,1.26875e+08
596750,1.73749e+08
597000,1.52618e+08
597250,1.43272e+08
597500,1.90226e+08
597750,1.84797e+08
598000,1.88425e+08
598250,1.8565e+08
598500,1.66729e+08
598750,1.45628e+08
599000,1.89823e+08
599250,1.23123e+08
599500,1.31772e+08
599750,1.20083e+08
600000,1.29338e+08
600250,1.4878e+08
600500,1.75095e+08
600750,1.79421e+08
601000,1.23462e+08
601250,1.75652e+08
601500,1.45297e+08
601750,1.58657e+08
602000,1.70783e+08
602250,1.75888e+08
602500,1.73196e+08
602750,1.2026e+08
603000,1.19821e+08
603250,1.62025e+08
603500,1.505e+08
603750,1.85306e+08
604000,1.48616e+08
604250,1.21806e+08
604500,1.25039e+08
604750,1.22715e+08
605000,1.19394e+08
605250,1.30356e+08
605500,1.79143e+08
605750,1.75126e+08
606000,1.26632e+08
606250,1.33144e+08
606500,1.2461e+08
606750,1.37216e+08
607000,1.88881e+08
607250,1.79744e+08
607500,1.65997e+08
607750,1.26498e+08
608000,1.33366e+08
608250,1.74826e+08
608500,1.6037e+08
608750,1.1981e+08
609000,1.58737e+08
609250,1.2019e+08
609500,1.2794e+08
609750,1.19584e+08
610000,1.22343e+08
610250,1.22578e+08
610500,1.23282e+08
610750,1.28957e+08
611000,1.76545e+08
611250,1.46494e+08
611500,1.21853e+08
611750,1.73599e+08
612000,1.67889e+08
612250,1.37112e+08
612500,1.50027e+08
612750,1.77868e+08
613000,1.77695e+08
613250,1.80675e+08
613500,1.67833e+08
613750,1.26455e+08
614000,1.73426e+08
614250,1.81899e+08
614500,1.38754e+08
614750,1.4214e+08
615000,1.47317e+08
615250,1.6777e+08
615500,1.48634e+08
615750,1.41477e+08
616000,1.54512e+08
616250,1.44879e+08
616500,1.47551e+08
616750,1.49919e+08
617000,1.20868e+08
617250,1.20226e+08
617500,1.24698e+08
617750,1.58458e+08
618000,1.26922e+08
618250,1.55605e+08
618500,1.31494e+08
618750,1.38514e+08
619000,1.63617e+08
619250,1.23407e+08
619500,1.217e+08
619750,1.26195e+08
620000,1.23093e+08
620250,1.36838e+08
620500,1.78764e+08
620750,1.82273e+08
621000,1.83033e+08
621250,1.52348e+08
621500,1.22681e+08
621750,1.23603e+08
622000,1.59424e+08
622250,1.79733e+08
622500,1.80607e+08
622750,1.81198e+08
623000,1.24449e+08
623250,1.65689e+08
623500,1.23396e+08
623750,1.26629e+08
624000,1.75538e+08
624250,1.96098e+08
624500,1.87589e+08
624750,1.24347e+08
625000,1.95746e+08
625250,2.00581e+08
625500,1.4747e+08
625750,1.55571e+08
626000,1.28983e+08
626250,1.40533e+08
626500,1.25839e+08
626750,1.77759e+08
627000,1.79963e+08
627250,1.78415e+08
627500,1.93147e+08
627750,1.95551e+08
628000,1.9276e+08
628250,1.95841e+08
628500,1.59956e+08
628750,1.25124e+08
629000,1.24649e+08
629250,1.23447e+08
629500,1.78744e+08
629750,1.64888e+08
630000,1.6143e+08
630250,1.65573e+08
630500,1.96287e+08
630750,1.96211e+08
631000,1.96621e+08
631250,1.73121e+08
631500,1.26508e+08
631750,1.22522e+08
632000,1.79078e+08
632250,1.83168e+08
632500,1.85222e+08
632750,1.47777e+08
633000,1.25053e+08
633250,1.54276e+08
633500,1.78719e+08
633750,1.8034e+08
634000,1.24239e+08
634250,1.25842e+08
634500,1.40021e+08
634750,1.8061e+08
635000,1.9079e+08
635250,1.71754e+08
635500,1.87952e+08
635750,1.58488e+08
636000,1.28344e+08
636250,1.43457e+08
636500,1.82617e+08
636750,1.2573e+08
637000,1.37448e+08
637250,1.85083e+08
637500,1.54418e+08
637750,1.29481e+08
638000,1.26809e+08
638250,1.27864e+08
638500,1.28471e+08
638750,1.28697e+08
639000,1.78875e+08
639250,1.25342e+08
639500,1.28185e+08
639750,1.25851e+08
640000,1.28833e+08
640250,1.27495e+08
640500,1.28761e+08
640750,1.59861e+08
641000,1.37569e+08
641250,1.26778e+08
641500,1.69858e+08
641750,1.88069e+08
642000,1.8465e+08
642250,1.59317e+08
642500,1.26344e+08
642750,1.27302e+08
643000,1.27315e+08
643250,1.7033e+08
643500,1.6498e+08
643750,1.70027e+08
644000,1.28124e+08
644250,1.31346e+08
644500,1.38699e+08
644750,1.84132e+08
645000,1.87265e+08
645250,1.30441e+08
645500,1.52995e+08
645750,1.87137e+08
646000,1.59037e+08
646250,1.31642e+08
646500,1.2715e+08
646750,1.29607e+08
647000,1.30483e+08
647250,1.42408e+08
647500,1.66451e+08
647750,1.64642e+08
648000,1.27109e+08
648250,1.29404e+08
648500,1.28147e+08
648750,1.37308e+08
649000,1.28037e+08
649250,1.91333e+08
649500,1.88755e+08
649750,1.56481e+08
650000,1.32639e+08
650250,1.30573e+08
650500,1.2959e+08
650750,1.28992e+08
651000,1.28458e+08
651250,1.2861e+08
651500,1.2863e+08
651750,1.30792e+08
652000,1.89953e+08
652250,1.90381e+08
652500,1.92919e+08
652750,1.7189e+08
653000,1.53651e+08
653250,1.85749e+08
653500,1.97385e+08
653750,1.95391e+08
654000,1.82234e+08
654250,1.61805e+08
654500,1.55237e+08
654750,1.82221e+08
655000,1.87785e+08
655250,1.69487e+08
655500,1.28982e+08
655750,1.78986e+08
656000,1.93274e+08
656250,1.91763e+08
656500,1.74414e+08
656750,1.48254e+08
657000,1.29141e+08
657250,1.31271e+08
657500,1.44731e+08
657750,1.98594e+08
658000,2.08421e+08
658250,1.96865e+08
658500,1.30964e+08
658750,1.37141e+08
659000,1.50509e+08
659250,1.90355e+08
659500,1.64285e+08
659750,1.81303e+08
660000,1.59835e+08
660250,1.89067e+08
660500,1.80083e+08
660750,1.94602e+08
661000,1.96683e+08
661250,1.73308e+08
661500,1.88887e+08
661750,1.9231e+08
662000,1.95112e+08
662250,1.96018e+08
662500,1.69387e+08
662750,1.34164e+08
663000,1.7004e+08
663250,1.29663e+08
663500,1.3052e+08
663750,1.37416e+08
664000,1.31942e+08
664250,1.74889e+08
664500,1.32581e+08
664750,1.33207e+08
665000,1.3151e+08
665250,1.85576e+08
665500,1.91634e+08
665750,1.91008e+08
666000,1.45657e+08
666250,1.3202e+08
666500,1.32286e+08
666750,1.31093e+08
667000,1.30355e+08
667250,1.88623e+08
667500,1.96411e+08
667750,1.32743e+08
668000,1.32746e+08
668250,1.32481e+08
668500,1.3319e+08
668750,1.32646e+08
669000,1.39184e+08
669250,1.36417e+08
669500,1.33507e+08
669750,1.34248e+08
670000,1.35375e+08
670250,1.41317e+08
670500,1.31085e+08
670750,1.55076e+08
671000,1.77378e+08
671250,1.31189e+08
671500,1.40708e+08
671750,1.76385e+08
672000,1.88725e+08
672250,1.46648e+08
672500,1.42753e+08
672750,1.33509e+08
673000,1.34261e+08
673250,1.33047e+08
673500,1.46682e+08
673750,1.60814e+08
674000,2.00853e+08
674250,1.34161e+08
674500,1.37292e+08
674750,1.60531e+08
675000,1.60523e+08
675250,2.0195e+08
675500,1.96723e+08
675750,1.83479e+08
676000,1.32433e+08
676250,1.40879e+08
676500,1.99001e+08
676750,1.56966e+08
677000,1.34377e+08
677250,1.33981e+08
677500,1.33349e+08
677750,1.67305e+08
678000,1.90382e+08
678250,1.98518e+08
678500,1.96699e+08
678750,1.64971e+08
679000,1.36608e+08
679250,1.35418e+08
679500,1.35621e+08
679750,1.38947e+08
680000,1.76547e+08
680250,1.64461e+08
680500,1.7292e+08
680750,1.92213e+08
681000,2.01832e+08
681250,1.96948e+08
681500,1.94107e+08
681750,1.59191e+08
682000,1.56126e+08
682250,1.34269e+08
682500,1.35921e+08
682750,1.49979e+08
683000,1.76328e+08
683250,1.34067e+08
683500,1.55758e+08
683750,1.35412e+08
684000,1.36953e+08
684250,1.99156e+08
684500,1.65203e+08
684750,1.36742e+08
685000,1.36379e+08
685250,1.93522e+08
685500,1.96658e+08
685750,1.99257e+08
686000,1.3937e+08
686250,1.36485e+08
686500,1.34816e+08
686750,1.36144e+08
687000,1.54126e+08
687250,2.06886e+08
687500,1.46659e+08
687750,1.38718e+08
688000,1.52955e+08
688250,1.35645e+08
688500,1.34592e+08
688750,1.34701e+08
689000,1.36952e+08
689250,2.02483e+08
689500,1.61116e+08
689750,1.35696e+08
690000,1.37348e+08
690250,1.35562e+08
690500,1.37215e+08
690750,1.92857e+08
691000,2.00749e+08
691250,1.37263e+08
691500,1.37475e+08
691750,1.37416e+08
692000,1.51729e+08
692250,2.00954e+08
692500,1.39659e+08
692750,1.43469e+08
693000,2.02824e+08
693250,1.38828e+08
693500,1.39071e+08
693750,1.69248e+08
694000,2.00375e+08
694250,2.00927e+08
694500,1.36666e+08
694750,1.57456e+08
695000,2.01395e+08
695250,1.5968e+08
695500,1.91389e+08
695750,1.74202e+08
696000,1.3814e+08
696250,1.38436e+08
696500,1.37189e+08
696750,1.37929e+08
697000,1.36817e+08
697250,1.37342e+08
697500,2.01222e+08
697750,1.64395e+08
698000,1.70426e+08
698250,1.38006e+08
698500,1.37981e+08
698750,1.39116e+08
699000,1.71724e+08
699250,1.65696e+08
699500,1.41404e+08
699750,1.43257e+08
700000,1.60979e+08
700250,1.89283e+08
700500,1.39048e+08
700750,1.57495e+08
701000,2.09472e+08
701250,1.51975e+08
701500,1.42923e+08
701750,1.4297e+08
702000,1.38218e+08
702250,1.38607e+08
702500,1.38323e+08
702750,1.39706e+08
703000,1.39875e+08
703250,1.76579e+08
703500,2.07007e+08
703750,1.99569e+08
704000,2.03967e+08
704250,1.4761e+08
704500,1.40253e+08
704750,1.38689e+08
705000,1.40851e+08
705250,1.4171e+08
705500,1.57046e+08
705750,2.07082e+08
706000,1.4022e+08
706250,1.61719e+08
706500,1.64373e+08
706750,2.04664e+08
707000,1.65561e+08
707250,1.43077e+08
707500,1.38769e+08
707750,1.43622e+08
708000,1.43058e+08
708250,1.40829e+08
708500,1.47266e+08
708750,1.38982e+08
709000,1.39507e+08
709250,1.41044e+08
709500,1.42452e+08
709750,1.53252e+08
710000,1.48196e+08
710250,1.39738e+08
710500,1.40634e+08
710750,1.45511e+08
711000,1.49879e+08
711250,2.04756e+08
711500,1.42119e+08
711750,1.43955e+08
712000,1.65635e+08
712250,1.50645e+08
712500,1.42021e+08
712750,1.41502e+08
713000,1.82232e+08
713250,1.74469e+08
713500,1.68892e+08
713750,1.58993e+08
714000,2.12619e+08
714250,1.94471e+08
714500,1.61596e+08
714750,1.42552e+08
715000,1.45394e+08
715250,1.69846e+08
715500,1.63645e+08
715750,1.4143e+08
716000,1.45467e+08
716250,1.40007e+08
716500,2.01721e+08
716750,1.46299e+08
717000,1.87993e+08
717250,1.48847e+08
717500,1.42826e+08
717750,1.42607e+08
718000,1.44671e+08
718250,1.43651e+08
718500,1.44256e+08
718750,1.63639e+08
719000,1.43724e+08
719250,1.49585e+08
719500,2.09473e+08
719750,2.07777e+08
720000,2.06233e+08
720250,1.56925e+08
720500,1.47191e+08
720750,1.837e+08
721000,1.8717e+08
721250,1.51578e+08
721500,1.43333e+08
721750,1.44277e+08
722000,2.02812e+08
722250,2.14499e+08
722500,2.11899e+08
722750,1.64198e+08
723000,1.64733e+08
723250,1.86164e+08
723500,1.45176e+08
723750,1.43783e+08
724000,1.43855e+08
724250,1.43576e+08
724500,1.43029e+08
724750,1.66157e+08
725000,1.67435e+08
725250,1.72928e+08
725500,2.12765e+08
725750,1.96815e+08
726000,2.00687e+08
726250,1.55552e+08
726500,1.83378e+08
726750,2.08014e+08
727000,2.08351e+08
727250,1.84035e+08
727500,2.00304e+08
727750,1.45431e+08
728000,1.47122e+08
728250,1.42096e+08
728500,1.79414e+08
728750,1.95776e+08
729000,1.70713e+08
729250,1.44037e+08
729500,1.5084e+08
729750,1.42347e+08
730000,1.45648e+08
730250,1.95528e+08
730500,1.78104e+08
730750,1.92493e+08
731000,1.4751e+08
731250,1.5254e+08
731500,1.83631e+08
731750,1.47781e+08
732000,1.4668e+08
732250,1.48587e+08
732500,1.4544e+08
732750,1.47563e+08
733000,1.45792e+08
733250,1.44891e+08
733500,1.47708e+08
733750,1.48104e+08
734000,1.45293e+08
734250,1.46637e+08
734500,1.72927e+08
734750,1.66695e+08
735000,2.15457e+08
735250,1.48429e+08
735500,1.54024e+08
735750,1.66641e+08
736000,2.1699e+08
736250,1.52112e+08
736500,1.56657e+08
736750,1.48949e+08
737000,1.47791e+08
737250,1.72398e+08
737500,1.95869e+08
737750,1.73438e+08
738000,1.49375e+08
738250,1.66457e+08
738500,2.07818e+08
738750,1.68244e+08
739000,1.48259e+08
739250,1.55423e+08
739500,1.48147e+08
739750,1.61714e+08
740000,1.49444e+08
740250,1.75129e+08
740500,2.03302e+08
740750,1.51624e+08
741000,1.48132e+08
741250,1.46663e+08
741500,1.70138e+08
741750,1.9801e+08
742000,1.49696e+08
742250,1.49192e+08
742500,1.49043e+08
742750,1.50312e+08
743000,1.5691e+08
743250,1.52288e+08
743500,1.49945e+08
743750,2.07672e+08
744000,1.9904e+08
744250,2.04447e+08
744500,1.56581e+08
744750,1.48152e+08
745000,1.5294e+08
745250,1.75277e+08
745500,1.46218e+08
745750,1.47778e+08
746000,1.46457e+08
746250,1.47298e+08
746500,1.47446e+08
746750,1.92927e+08
747000,2.15531e+08
747250,1.60445e+08
747500,1.48427e+08
747750,1.48997e+08
748000,1.6211e+08
748250,2.24806e+08
748500,1.56835e+08
748750,1.49698e+08
749000,1.51746e+08
749250,1.69165e+08
749500,1.49755e+08
749750,1.52661e+08
750000,1.54331e+08
750250,1.54302e+08
750500,1.49639e+08
750750,1.51773e+08
751000,2.0338e+08
751250,1.56625e+08
751500,1.52739e+08
751750,1.49413e+08
752000,1.5295e+08
752250,1.56772e+08
752500,1.50297e+08
752750,1.47939e+08
753000,1.46559e+08
753250,1.52093e+08
753500,1.48971e+08
753750,1.49791e+08
754000,1.49079e+08
754250,1.49317e+08
754500,1.46463e+08
754750,1.46247e+08
755000,1.47247e+08
755250,1.48571e+08
755500,1.46005e+08
755750,1.48203e+08
756000,1.47798e+08
756250,1.47587e+08
756500,1.47854e+08
756750,1.71224e+08
757000,1.49113e+08
757250,1.47223e+08
757500,1.48088e+08
757750,1.52037e+08
758000,1.51094e+08
758250,1.54723e+08
758500,1.51447e+08
758750,1.5191e+08
759000,1.47624e+08
759250,1.51543e+08
759500,1.49388e+08
759750,1.46473e+08
760000,1.51375e+08
760250,1.70894e+08
760500,1.6407e+08
760750,1.68975e+08
761000,2.23157e+08
761250,1.65514e+08
761500,2.26823e+08
761750,2.15518e+08
762000,1.58753e+08
762250,1.70814e+08
762500,1.9089e+08
762750,1.99091e+08
763000,2.21965e+08
763250,1.48697e+08
763500,1.67435e+08
763750,1.82443e+08
764000,2.17372e+08
764250,1.96958e+08
764500,1.64558e+08
764750,2.03281e+08
765000,1.6885e+08
765250,1.69375e+08
765500,2.05515e+08
765750,1.97083e+08
766000,2.14474e+08
766250,1.75876e+08
766500,1.78199e+08
766750,1.55914e+08
767000,1.60398e+08
767250,1.56461e+08
767500,1.54422e+08
767750,1.75893e+08
768000,1.76351e+08
768250,1.56296e+08
768500,2.1501e+08
768750,2.06733e+08
769000,1.60581e+08
769250,2.05175e+08
769500,1.55628e+08
769750,1.89459e+08
770000,1.52191e+08
770250,1.57347e+08
770500,2.15021e+08
770750,2.28737e+08
771000,1.88028e+08
771250,2.1372e+08
771500,1.72418e+08
771750,1.52539e+08
772000,2.22477e+08
772250,1.55825e+08
772500,1.54791e+08
772750,1.54768e+08
773000,1.54321e+08
773250,2.31809e+08
773500,2.3462e+08
773750,2.23741e+08
774000,1.56515e+08
774250,1.93578e+08
774500,2.27474e+08
774750,2.15163e+08
775000,1.61226e+08
775250,2.17895e+08
775500,1.78608e+08
775750,2.19229e+08
776000,2.31253e+08
776250,1.76724e+08
776500,1.55339e+08
776750,1.64005e+08
777000,2.27179e+08
777250,1.54187e+08
777500,1.54308e+08
777750,1.52358e+08
778000,1.53331e+08
778250,1.61678e+08
778500,2.29377e+08
778750,2.281e+08
779000,1.51825e+08
779250,1.53869e+08
779500,1.73786e+08
779750,2.28184e+08
780000,1.5249e+08
780250,1.54222e+08
780500,1.53394e+08
780750,1.55836e+08
781000,1.51101e+08
781250,1.56545e+08
781500,1.55495e+08
781750,1.94271e+08
782000,1.5894e+08
782250,1.73852e+08
782500,1.51362e+08
782750,1.55614e+08
783000,1.55559e+08
783250,2.32668e+08
783500,1.73704e+08
783750,1.55153e+08
784000,1.52262e+08
784250,1.97604e+08
784500,2.22111e+08
784750,2.24145e+08
785000,1.71555e+08
785250,2.11724e+08
785500,2.07753e+08
785750,1.57547e+08
786000,1.55327e+08
786250,1.51723e+08
786500,1.81603e+08
786750,1.52367e+08
787000,1.59328e+08
787250,1.59541e+08
787500,1.60984e+08
787750,2.03538e+08
788000,1.85524e+08
788250,1.57705e+08
788500,1.62671e+08
788750,1.76258e+08
789000,1.73515e+08
789250,1.85743e+08
789500,2.01607e+08
789750,2.19436e+08
790000,1.5499e+08
790250,1.82061e+08
790500,1.57239e+08
790750,1.53213e+08
791000,1.553e+08
791250,1.53613e+08
791500,1.5507e+08
791750,1.55337e+08
792000,1.55685e+08
792250,1.57304e+08
792500,1.5417e+08
792750,1.85674e+08
793000,2.02693e+08
793250,1.56717e+08
793500,1.55292e+08
793750,1.54226e+08
794000,1.5657e+08
794250,1.55777e+08
794500,1.55726e+08
794750,1.57131e+08
795000,1.62453e+08
795250,1.55048e+08
795500,1.59266e+08
795750,1.554e+08
796000,1.69123e+08
796250,1.59477e+08
796500,1.851e+08
796750,1.54027e+08
797000,1.55087e+08
797250,1.61241e+08
797500,1.57008e+08
797750,1.5343e+08
798000,1.57379e+08
798250,1.54767e+08
798500,2.04773e+08
798750,1.74557e+08
799000,1.56197e+08
799250,1.58561e+08
799500,1.5637e+08
799750,1.59898e+08
800000,1.91322e+08
800250,2.18597e+08
800500,1.57849e+08
800750,1.5707e+08
801000,1.55634e+08
801250,1.59746e+08
801500,1.55842e+08
801750,1.56597e+08
802000,1.55879e+08
802250,1.69369e+08
802500,1.58666e+08
802750,1.58793e+08
803000,1.56286e+08
803250,2.08983e+08
803500,2.2368e+08
803750,2.31164e+08
804000,1.62411e+08
804250,1.76001e+08
804500,2.30605e+08
804750,2.28899e+08
805000,2.05063e+08
805250,1.66396e+08
805500,2.31037e+08
805750,2.35038e+08
806000,2.33949e+08
806250,2.25687e+08
806500,2.30967e+08
806750,1.54904e+08
807000,1.55874e+08
807250,1.55275e+08
807500,1.57204e+08
807750,2.33283e+08
808000,2.35655e+08
808250,1.99553e+08
808500,1.85308e+08
808750,1.57036e+08
809000,1.61647e+08
809250,1.58147e+08
809500,1.57127e+08
809750,2.12105e+08
810000,2.27568e+08
810250,2.19292e+08
810500,1.58687e+08
810750,1.56843e+08
811000,1.72267e+08
811250,1.61957e+08
811500,1.57008e+08
811750,1.58048e+08
812000,1.59891e+08
812250,1.59745e+08
812500,1.62979e+08
812750,2.39116e+08
813000,2.13108e+08
813250,1.56232e+08
813500,1.66748e+08
813750,1.58827e+08
814000,1.59837e+08
814250,2.13889e+08
814500,1.61422e+08
814750,2.33256e+08
815000,1.61259e+08
815250,1.64971e+08
815500,1.60359e+08
815750,2.16359e+08
816000,1.58504e+08
816250,1.62413e+08
816500,1.59644e+08
816750,1.60992e+08
817000,1.7249e+08
817250,1.84135e+08
817500,2.3808e+08
817750,1.60083e+08
818000,1.61105e+08
818250,1.6799e+08
818500,1.59097e+08
818750,1.60814e+08
819000,1.61282e+08
819250,1.58804e+08
819500,2.29112e+08
819750,1.6201e+08
820000,1.59732e+08
820250,1.60856e+08
820500,1.62675e+08
820750,1.61325e+08
821000,1.59557e+08
821250,1.57635e+08
821500,2.14994e+08
821750,1.61595e+08
822000,1.68244e+08
822250,1.61e+08
822500,1.59286e+08
822750,1.87671e+08
823000,2.36614e+08
823250,1.90075e+08
823500,1.64631e+08
823750,1.6138e+08
824000,1.60818e+08
824250,1.5901e+08
824500,1.60476e+08
824750,1.63597e+08
825000,1.60518e+08
825250,1.62137e+08
825500,2.29992e+08
825750,2.39241e+08
826000,2.40157e+08
826250,1.60203e+08
826500,1.6138e+08
826750,1.6019e+08
827000,1.68239e+08
827250,1.62132e+08
827500,2.25334e+08
827750,1.89809e+08
828000,1.63495e+08
828250,1.60122e+08
828500,1.59693e+08
828750,1.59777e+08
829000,1.71789e+08
829250,1.6152e+08
829500,1.61002e+08
829750,1.62634e+08
830000,1.60477e+08
830250,1.63302e+08
830500,1.64311e+08
830750,1.61004e+08
831000,1.60906e+08
831250,1.63863e+08
831500,1.63214e+08
831750,1.65264e+08
832000,1.6521e+08
832250,1.60881e+08
832500,1.62295e+08
832750,2.05949e+08
833000,2.40293e+08
833250,2.3639e+08
833500,1.86506e+08
833750,1.5993e+08
834000,1.62369e+08
834250,1.61346e+08
834500,1.64339e+08
834750,1.60751e+08
835000,1.63217e+08
835250,1.62053e+08
835500,1.62031e+08
835750,1.85269e+08
836000,2.39657e+08
836250,1.65781e+08
836500,1.62822e+08
836750,1.63087e+08
837000,1.64126e+08
837250,2.35184e+08
837500,2.34693e+08
837750,1.87961e+08
838000,1.60885e+08
838250,1.65724e+08
838500,1.63424e+08
838750,1.67654e+08
839000,1.69192e+08
839250,1.63641e+08
839500,1.86679e+08
839750,2.3695e+08
840000,2.39781e+08
840250,1.65626e+08
840500,1.63817e+08
840750,1.74254e+08
841000,1.65013e+08
841250,1.6158e+08
841500,1.63197e+08
841750,1.63743e+08
842000,1.67802e+08
842250,1.68189e+08
842500,1.64938e+08
842750,1.65386e+08
843000,2.25617e+08
843250,1.80953e+08
843500,1.62341e+08
843750,1.64674e+08
844000,1.64158e+08
844250,1.66901e+08
844500,1.81696e+08
844750,1.81046e+08
845000,1.71856e+08
845250,2.35675e+08
845500,1.65306e+08
845750,1.64911e+08
846000,1.69566e+08
846250,1.64779e+08
846500,1.68066e+08
846750,1.67967e+08
847000,2.19485e+08
847250,1.65912e+08
847500,1.67247e+08
847750,1.70505e+08
848000,1.68885e+08
848250,1.8074e+08
848500,1.66928e+08
848750,1.65214e+08
849000,2.36158e+08
849250,1.89589e+08
849500,1.70103e+08
849750,1.6541e+08
850000,1.64375e+08
850250,1.65974e+08
850500,1.64438e+08
850750,1.70526e+08
851000,1.70432e+08
851250,1.72173e+08
851500,1.71372e+08
851750,1.69758e+08
852000,1.70014e+08
852250,1.67281e+08
852500,1.68466e+08
852750,1.67451e+08
853000,1.65084e+08
853250,1.66004e+08
853500,1.87243e+08
853750,1.67285e+08
854000,1.7059e+08
854250,1.68651e+08
854500,1.67233e+08
854750,1.67515e+08
855000,1.67302e+08
855250,1.72176e+08
855500,1.67781e+08
855750,1.68394e+08
856000,1.68359e+08
856250,1.69398e+08
856500,1.66821e+08
856750,1.69337e+08
857000,1.66009e+08
857250,1.66185e+08
857500,1.677e+08
857750,1.66948e+08
858000,1.66028e+08
858250,1.72726e+08
858500,1.67744e+08
858750,1.70486e+08
859000,1.86712e+08
859250,1.684e+08
859500,1.70123e+08
859750,2.12802e+08
860000,1.78293e+08
860250,1.68087e+08
860500,1.673e+08
860750,1.67462e+08
861000,1.6939e+08
861250,1.70297e+08
861500,1.7088e+08
861750,1.70712e+08
862000,1.66121e+08
862250,1.71297e+08
862500,1.68097e+08
862750,1.82652e+08
863000,1.70605e+08
863250,1.68471e+08
863500,1.72281e+08
863750,1.71656e+08
864000,1.69587e+08
864250,1.68173e+08
864500,1.67976e+08
864750,1.67729e+08
865000,1.72478e+08
865250,1.68432e+08
865500,2.58754e+08
865750,1.66202e+08
866000,1.70405e+08
866250,1.6946e+08
866500,1.72925e+08
866750,1.68843e+08
867000,1.70961e+08
867250,1.68301e+08
867500,1.68859e+08
867750,1.7255e+08
868000,1.69399e+08
868250,1.70292e+08
868500,1.68641e+08
868750,1.71578e+08
869000,1.74291e+08
869250,1.72975e+08
869500,1.70033e+08
869750,1.71117e+08
870000,1.7209e+08
870250,1.73141e+08
870500,1.7072e+08
870750,1.72671e+08
871000,1.7173e+08
871250,1.71339e+08
871500,1.69685e+08
871750,1.69148e+08
872000,1.69712e+08
872250,1.6966e+08
872500,1.71602e+08
872750,1.69478e+08
873000,1.69989e+08
873250,1.74326e+08
873500,1.70005e+08
873750,1.69652e+08
874000,1.68564e+08
874250,1.75962e+08
874500,1.70407e+08
874750,1.68758e+08
875000,1.71113e+08
875250,1.73146e+08
875500,1.74143e+08
875750,1.75445e+08
876000,1.75389e+08
876250,1.81556e+08
876500,1.79107e+08
876750,1.76344e+08
877000,1.78474e+08
877250,2.58965e+08
877500,1.77873e+08
877750,1.74722e+08
878000,2.27733e+08
878250,2.39033e+08
878500,2.57675e+08
878750,2.54219e+08
879000,1.77768e+08
879250,1.75821e+08
879500,1.74717e+08
879750,1.78466e+08
880000,1.77525e+08
880250,1.76842e+08
880500,1.74192e+08
880750,1.85312e+08
881000,1.73905e+08
881250,1.8011e+08
881500,1.92239e+08
881750,1.81138e+08
882000,1.82086e+08
882250,1.72681e+08
882500,2.0605e+08
882750,2.14771e+08
883000,2.01123e+08
883250,1.76003e+08
883500,1.72833e+08
883750,1.741e+08
884000,1.79135e+08
884250,2.14703e+08
884500,1.80393e+08
884750,1.74036e+08
885000,1.7456e+08
885250,1.79025e+08
885500,1.73072e+08
885750,2.03221e+08
886000,2.56693e+08
886250,1.92819e+08
886500,1.74443e+08
886750,1.74088e+08
887000,2.565e+08
887250,1.77089e+08
887500,1.75789e+08
887750,1.76653e+08
888000,1.77681e+08
888250,1.73265e+08
888500,1.85713e+08
888750,1.79254e+08
889000,1.82352e+08
889250,1.75113e+08
889500,1.7411e+08
889750,1.74026e+08
890000,1.79594e+08
890250,1.78544e+08
890500,1.77731e+08
890750,1.75151e+08
891000,1.73435e+08
891250,2.17014e+08
891500,1.83064e+08
891750,1.78599e+08
892000,1.81736e+08
892250,1.7995e+08
892500,1.77961e+08
892750,2.2321e+08
893000,2.197e+08
893250,1.82218e+08
893500,1.80063e+08
893750,2.07736e+08
894000,2.63062e+08
894250,2.65649e+08
894500,2.35305e+08
894750,1.82606e+08
895000,1.94395e+08
895250,1.80499e+08
895500,1.85868e+08
895750,1.78068e+08
896000,2.70459e+08
896250,1.85925e+08
896500,1.81099e+08
896750,1.79557e+08
897000,1.88583e+08
897250,1.87843e+08
897500,1.78731e+08
897750,1.7658e+08
898000,2.27145e+08
898250,1.80609e+08
898500,2.10997e+08
898750,1.85779e+08
899000,1.78439e+08
899250,1.89443e+08
899500,1.90155e+08
899750,2.27043e+08
900000,2.60426e+08
900250,2.63893e+08
900500,2.38841e+08
900750,2.14543e+08
901000,1.84195e+08
901250,1.93814e+08
901500,2.66594e+08
901750,2.50816e+08
902000,2.53765e+08
902250,1.8123e+08
902500,1.86017e+08
902750,1.8041e+08
903000,1.83804e+08
903250,1.78936e+08
903500,1.81275e+08
903750,1.80674e+08
904000,1.83595e+08
904250,1.79493e+08
904500,1.78768e+08
904750,2.06746e+08
905000,2.63274e+08
905250,1.91592e+08
905500,2.12149e+08
905750,1.77708e+08
906000,2.51703e+08
906250,2.10262e+08
906500,1.79706e+08
906750,1.81341e+08
907000,1.82383e+08
907250,1.82154e+08
907500,1.77055e+08
907750,1.76329e+08
908000,1.76944e+08
908250,2.01252e+08
908500,2.65007e+08
908750,1.98355e+08
909000,1.8206e+08
909250,1.85618e+08
909500,2.51445e+08
909750,2.31132e+08
910000,1.82011e+08
910250,1.77157e+08
910500,1.84271e+08
910750,1.81459e+08
911000,2.14028e+08
911250,1.81334e+08
911500,1.78173e+08
911750,1.80429e+08
912000,1.78058e+08
912250,2.10326e+08
912500,1.8068e+08
912750,1.82164e+08
913000,1.78768e+08
913250,1.79817e+08
913500,1.85294e+08
913750,1.84483e+08
914000,1.8336e+08
914250,1.83176e+08
914500,1.79022e+08
914750,1.82635e+08
915000,1.83391e+08
915250,1.81904e+08
915500,1.92226e+08
915750,2.6033e+08
916000,1.80119e+08
916250,1.81235e+08
916500,1.77062e+08
916750,1.80583e+08
917000,1.78667e+08
917250,1.80768e+08
917500,1.79642e+08
917750,1.83351e+08
918000,1.82509e+08
918250,1.82081e+08
918500,1.78127e+08
918750,1.79965e+08
919000,2.12671e+08
919250,2.57138e+08
919500,1.8045e+08
919750,1.80349e+08
920000,1.90212e+08
920250,1.83831e+08
920500,2.54562e+08
920750,1.841e+08
921000,1.85903e+08
921250,1.81907e+08
921500,1.86012e+08
921750,1.78852e+08
922000,2.115e+08
922250,1.84734e+08
922500,1.85218e+08
922750,1.84963e+08
923000,1.89219e+08
923250,2.37654e+08
923500,2.72247e+08
923750,2.43042e+08
924000,1.86955e+08
924250,2.70354e+08
924500,2.69449e+08
924750,1.87721e+08
925000,2.45416e+08
925250,1.8216e+08
925500,2.02249e+08
925750,2.07132e+08
926000,1.82163e+08
926250,1.8306e+08
926500,1.90092e+08
926750,1.85141e+08
927000,1.82391e+08
927250,1.84944e+08
927500,1.81299e+08
927750,1.88067e+08
928000,1.89371e+08
928250,1.85025e+08
928500,1.86099e+08
928750,1.8742e+08
929000,1.88623e+08
929250,1.96282e+08
929500,1.87668e+08
929750,1.90643e+08
930000,2.30032e+08
930250,1.85658e+08
930500,1.83525e+08
930750,1.84919e+08
931000,2.02174e+08
931250,1.84376e+08
931500,1.83944e+08
931750,2.19548e+08
932000,2.7621e+08
932250,1.86388e+08
932500,2.4107e+08
932750,1.83283e+08
933000,1.92331e+08
933250,1.86117e+08
933500,1.87248e+08
933750,1.89031e+08
934000,1.85797e+08
934250,1.85762e+08
934500,1.82961e+08
934750,2.3352e+08
935000,2.43013e+08
935250,1.94773e+08
935500,2.40055e+08
935750,1.90331e+08
936000,1.8706e+08
936250,1.84955e+08
936500,1.88088e+08
936750,2.0234e+08
937000,2.0903e+08
937250,2.19114e+08
937500,2.88048e+08
937750,2.39038e+08
938000,2.4408e+08
938250,1.84539e+08
938500,1.85519e+08
938750,2.20432e+08
939000,1.89499e+08
939250,2.4654e+08
939500,1.89722e+08
939750,1.8671e+08
940000,1.88798e+08
940250,1.94629e+08
940500,2.72929e+08
940750,2.36222e+08
941000,1.86699e+08
941250,1.88199e+08
941500,1.90241e+08
941750,1.88887e+08
942000,1.91865e+08
942250,2.58666e+08
942500,2.51938e+08
942750,1.90788e+08
943000,1.91591e+08
943250,2.22048e+08
943500,1.93858e+08
943750,1.92048e+08
944000,2.82931e+08
944250,2.09092e+08
944500,1.84956e+08
944750,1.85834e+08
945000,1.88172e+08
945250,1.86996e+08
945500,1.95102e+08
945750,1.92998e+08
946000,1.87664e+08
946250,1.88015e+08
946500,2.2475e+08
946750,2.41274e+08
947000,1.92526e+08
947250,2.10512e+08
947500,2.19833e+08
947750,2.24792e+08
948000,1.92806e+08
948250,1.92614e+08
948500,1.92406e+08
948750,2.17761e+08
949000,2.5327e+08
949250,2.87449e+08
949500,2.44557e+08
949750,2.03866e+08
950000,1.96024e+08
950250,2.86357e+08
950500,2.74954e+08
950750,2.21292e+08
951000,2.80453e+08
951250,1.96488e+08
951500,1.88519e+08
951750,1.88659e+08
952000,1.95756e+08
952250,2.65824e+08
952500,2.01285e+08
952750,2.54632e+08
953000,2.86317e+08
953250,2.55896e+08
953500,2.56792e+08
953750,2.6561e+08
954000,2.71435e+08
954250,1.93904e+08
954500,1.93086e+08
954750,1.95759e+08
955000,1.91871e+08
955250,1.91045e+08
955500,1.88324e+08
955750,2.63183e+08
956000,1.87441e+08
956250,1.88429e+08
956500,1.97358e+08
956750,2.17248e+08
957000,1.88102e+08
957250,2.39033e+08
957500,1.90396e+08
957750,1.91216e+08
958000,2.17132e+08
958250,2.83332e+08
958500,1.89558e+08
958750,2.20455e+08
959000,2.18026e+08
959250,2.22835e+08
959500,1.92117e+08
959750,1.91157e+08
960000,2.01837e+08
960250,1.92915e+08
960500,1.9103e+08
960750,1.8993e+08
961000,1.88905e+08
961250,2.30136e+08
961500,2.67035e+08
961750,1.91333e+08
962000,1.89385e+08
962250,2.08999e+08
962500,1.89891e+08
962750,1.88217e+08
963000,1.97628e+08
963250,1.89837e+08
963500,1.86673e+08
963750,1.88029e+08
964000,2.62292e+08
964250,2.00549e+08
964500,2.77123e+08
964750,2.39673e+08
965000,1.90435e+08
965250,1.88726e+08
965500,1.90997e+08
965750,1.89771e+08
966000,2.4522e+08
966250,1.95059e+08
966500,1.89451e+08
966750,1.88781e+08
967000,1.92569e+08
967250,1.92785e+08
967500,1.92134e+08
967750,1.95617e+08
968000,1.89979e+08
968250,1.96253e+08
968500,2.14673e+08
968750,2.04503e+08
969000,2.01074e+08
969250,1.96223e+08
969500,2.01369e+08
969750,2.19092e+08
970000,2.25446e+08
970250,1.92665e+08
970500,1.90549e+08
970750,1.90885e+08
971000,1.94732e+08
971250,1.93202e+08
971500,1.95011e+08
971750,2.50585e+08
972000,2.18883e+08
972250,1.96757e+08
972500,1.95351e+08
972750,2.91698e+08
973000,1.91881e+08
973250,1.9383e+08
973500,1.90176e+08
973750,1.92235e+08
974000,1.91108e+08
974250,1.92291e+08
974500,1.95956e+08
974750,1.9475e+08
975000,1.99311e+08
975250,1.93722e+08
975500,1.94279e+08
975750,1.91852e+08
976000,1.97137e+08
976250,1.91039e+08
976500,1.9504e+08
976750,1.94088e+08
977000,1.92404e+08
977250,1.93438e+08
977500,2.57354e+08
977750,1.93417e+08
978000,2.17852e+08
978250,1.97409e+08
978500,2.84167e+08
978750,2.64166e+08
979000,2.54686e+08
979250,2.59265e+08
979500,2.02245e+08
979750,1.96966e+08
980000,2.31272e+08
980250,1.97599e+08
980500,2.34041e+08
980750,1.93321e+08
981000,2.53987e+08
981250,1.94246e+08
981500,1.94647e+08
981750,2.33486e+08
982000,2.1233e+08
982250,1.94774e+08
982500,1.95752e+08
982750,2.38117e+08
983000,2.57635e+08
983250,1.96757e+08
983500,2.02568e+08
983750,2.05024e+08
984000,1.99451e+08
984250,2.28478e+08
984500,1.94515e+08
984750,1.95576e+08
985000,1.95186e+08
985250,1.96562e+08
985500,1.9325e+08
985750,1.9532e+08
986000,1.97701e+08
986250,1.97007e+08
986500,2.21722e+08
986750,1.95853e+08
987000,1.95111e+08
987250,1.95226e+08
987500,1.98678e+08
987750,2.44145e+08
988000,1.96146e+08
988250,1.99248e+08
988500,2.64295e+08
988750,2.147e+08
989000,1.93652e+08
989250,2.94796e+08
989500,2.06164e+08
989750,2.14795e+08
990000,1.95258e+08
990250,1.96126e+08
990500,1.98911e+08
990750,2.07901e+08
991000,1.99269e+08
991250,1.98956e+08
991500,1.95559e+08
991750,1.95992e+08
992000,1.98768e+08
992250,1.97602e+08
992500,1.93819e+08
992750,2.02036e+08
993000,2.03128e+08
993250,2.55873e+08
993500,2.87942e+08
993750,2.05118e+08
994000,2.03993e+08
994250,2.03153e+08
994500,2.02052e+08
994750,1.95706e+08
995000,1.97329e+08
995250,2.00386e+08
995500,1.98515e+08
995750,2.0798e+08
996000,1.96771e+08
996250,1.97674e+08
996500,2.04299e+08
996750,1.9971e+08
997000,1.96818e+08
997250,2.00988e+08
997500,2.00849e+08
997750,2.17625e+08
998000,1.99725e+08
998250,2.07943e+08
998500,1.9903e+08
998750,1.98495e+08
999000,2.01039e+08
999250,2.00266e+08
999500,2.06886e+08
999750,2.01338e+08
1000000,1.99149e+08
