250,35917
500,82454
750,111439
1000,171211
1250,185417
1500,234719
1750,266108
2000,324177
2250,402764
2500,392324
2750,442599
3000,480190
3250,517749
3500,559077
3750,625401
4000,658493
4250,738372
4500,761350
4750,777386
5000,840814
5250,877794
5500,895918
5750,963625
6000,1.03388e+06
6250,1.063e+06
6500,1.34065e+06
6750,1.12858e+06
7000,1.16276e+06
7250,1.23576e+06
7500,1.22794e+06
7750,1.34424e+06
8000,1.32162e+06
8250,1.58369e+06
8500,1.5765e+06
8750,1.55452e+06
9000,1.52259e+06
9250,1.57124e+06
9500,1.62253e+06
9750,1.81625e+06
10000,1.68201e+06
10250,1.84241e+06
10500,1.81834e+06
10750,1.86796e+06
11000,1.87664e+06
11250,1.97162e+06
11500,1.96168e+06
11750,2.02148e+06
12000,2.07164e+06
12250,2.20146e+06
12500,3.89818e+06
12750,2.26196e+06
13000,2.35248e+06
13250,2.39747e+06
13500,2.81232e+06
13750,2.78381e+06
14000,2.57065e+06
14250,2.61823e+06
14500,2.72327e+06
14750,2.89204e+06
15000,2.67212e+06
15250,2.68262e+06
15500,3.17004e+06
15750,3.40996e+06
16000,3.30961e+06
16250,2.986e+06
16500,2.87468e+06
16750,3.07856e+06
17000,3.02917e+06
17250,3.06792e+06
17500,3.58276e+06
17750,3.54874e+06
18000,3.25032e+06
18250,3.37975e+06
18500,3.67845e+06
18750,4.73178e+06
19000,3.44939e+06
19250,3.40289e+06
19500,4.15258e+06
19750,3.93828e+06
20000,3.7308e+06
20250,3.69005e+06
20500,3.68747e+06
20750,4.08213e+06
21000,3.82339e+06
21250,3.94012e+06
21500,3.90761e+06
21750,3.91683e+06
22000,3.97313e+06
22250,5.72612e+06
22500,4.14379e+06
22750,5.20634e+06
23000,4.91194e+06
23250,5.01137e+06
23500,4.31789e+06
23750,5.06248e+06
24000,5.28153e+06
24250,4.89121e+06
24500,5.23666e+06
24750,4.54906e+06
25000,5.94936e+06
25250,5.50737e+06
25500,5.02976e+06
25750,6.51342e+06
26000,6.02283e+06
26250,6.12565e+06
26500,6.1854e+06
26750,5.61365e+06
27000,6.56523e+06
27250,6.89323e+06
27500,6.63816e+06
27750,6.19908e+06
28000,5.99844e+06
28250,6.65579e+06
28500,6.72641e+06
28750,6.55722e+06
29000,6.60055e+06
29250,5.89932e+06
29500,7.52535e+06
29750,7.11377e+06
30000,5.67919e+06
30250,6.82663e+06
30500,7.35686e+06
30750,7.98372e+06
31000,7.91883e+06
31250,6.41128e+06
31500,5.92886e+06
31750,7.72988e+06
32000,5.87636e+06
32250,7.36057e+06
32500,7.81947e+06
32750,8.5428e+06
33000,6.19114e+06
33250,6.6875e+06
33500,9.20357e+06
33750,7.06046e+06
34000,7.77519e+06
34250,7.51242e+06
34500,8.51774e+06
34750,8.55575e+06
35000,9.09286e+06
35250,1.09703e+07
35500,9.33123e+06
35750,7.41574e+06
36000,8.81707e+06
36250,7.71269e+06
36500,9.39951e+06
36750,9.55825e+06
37000,7.61312e+06
37250,8.59725e+06
37500,9.81682e+06
37750,9.28476e+06
38000,9.06662e+06
38250,1.0123e+07
38500,1.02763e+07
38750,9.64302e+06
39000,1.00611e+07
39250,7.76972e+06
39500,1.00177e+07
39750,1.06443e+07
40000,8.1876e+06
40250,9.5428e+06
40500,1.11745e+07
40750,1.03562e+07
41000,1.10366e+07
41250,1.10267e+07
41500,1.11025e+07
41750,1.08277e+07
42000,1.01016e+07
42250,1.02924e+07
42500,8.03561e+06
42750,8.89153e+06
43000,1.15642e+07
43250,1.0296e+07
43500,1.13605e+07
43750,1.11807e+07
44000,1.2322e+07
44250,8.87476e+06
44500,1.24344e+07
44750,1.14383e+07
45000,1.27229e+07
45250,8.95125e+06
45500,1.12644e+07
45750,1.10366e+07
46000,1.1166e+07
46250,1.17505e+07
46500,9.31859e+06
46750,1.32569e+07
47000,1.23061e+07
47250,1.17875e+07
47500,1.2762e+07
47750,9.6616e+06
48000,1.06242e+07
48250,9.70088e+06
48500,1.23322e+07
48750,9.39106e+06
49000,1.22384e+07
49250,1.24565e+07
49500,9.34297e+06
49750,1.21519e+07
50000,1.06411e+07
50250,1.17649e+07
50500,1.33283e+07
50750,1.28135e+07
51000,1.16111e+07
51250,1.24741e+07
51500,1.355e+07
51750,1.26213e+07
52000,1.20039e+07
52250,1.26722e+07
52500,1.07824e+07
52750,1.15072e+07
53000,1.02633e+07
53250,1.46774e+07
53500,1.28509e+07
53750,1.32472e+07
54000,1.41317e+07
54250,1.45629e+07
54500,1.07593e+07
54750,1.31865e+07
55000,1.2984e+07
55250,1.10068e+07
55500,1.44645e+07
55750,1.37392e+07
56000,1.61998e+07
56250,1.62264e+07
56500,1.63875e+07
56750,1.2957e+07
57000,1.08981e+07
57250,1.11778e+07
57500,1.1193e+07
57750,1.12241e+07
58000,1.11065e+07
58250,1.44163e+07
58500,1.5461e+07
58750,1.81124e+07
59000,1.57438e+07
59250,1.61155e+07
59500,1.12757e+07
59750,1.23377e+07
60000,1.37941e+07
60250,1.15237e+07
60500,1.51566e+07
60750,1.34952e+07
61000,1.64353e+07
61250,1.17701e+07
61500,1.19162e+07
61750,1.19229e+07
62000,1.5166e+07
62250,1.69772e+07
62500,1.19149e+07
62750,1.19251e+07
63000,1.36671e+07
63250,1.27845e+07
63500,1.45104e+07
63750,1.4038e+07
64000,1.49159e+07
64250,1.84925e+07
64500,1.25093e+07
64750,1.48926e+07
65000,1.76798e+07
65250,1.43993e+07
65500,1.5521e+07
65750,1.27101e+07
66000,1.28424e+07
66250,1.34359e+07
66500,1.40818e+07
66750,1.29451e+07
67000,1.28278e+07
67250,1.63415e+07
67500,1.31286e+07
67750,1.31544e+07
68000,1.31799e+07
68250,1.47073e+07
68500,1.37828e+07
68750,1.5331e+07
69000,1.37285e+07
69250,1.6456e+07
69500,1.83651e+07
69750,1.49325e+07
70000,1.38097e+07
70250,1.35395e+07
70500,1.3587e+07
70750,1.36497e+07
71000,1.37491e+07
71250,1.95765e+07
71500,1.67632e+07
71750,1.76355e+07
72000,1.56201e+07
72250,1.87064e+07
72500,1.89362e+07
72750,1.79113e+07
73000,1.90398e+07
73250,1.84375e+07
73500,1.41798e+07
73750,1.42075e+07
74000,1.57382e+07
74250,1.48602e+07
74500,2.15143e+07
74750,1.72288e+07
75000,1.46538e+07
75250,1.91041e+07
75500,1.47797e+07
75750,1.72622e+07
76000,1.48174e+07
76250,1.46672e+07
76500,1.73576e+07
76750,1.54744e+07
77000,1.57458e+07
77250,1.5395e+07
77500,2.04103e+07
77750,2.26085e+07
78000,2.38069e+07
78250,2.23231e+07
78500,1.91617e+07
78750,2.11157e+07
79000,1.54825e+07
79250,1.76339e+07
79500,2.44124e+07
79750,2.13332e+07
80000,2.03889e+07
80250,2.27103e+07
80500,2.2882e+07
80750,2.2989e+07
81000,2.32062e+07
81250,2.30625e+07
81500,2.32473e+07
81750,1.90576e+07
82000,1.93456e+07
82250,2.25837e+07
82500,1.95924e+07
82750,2.35343e+07
83000,1.86741e+07
83250,1.78519e+07
83500,2.24968e+07
83750,1.66015e+07
84000,1.68493e+07
84250,1.72227e+07
84500,2.20641e+07
84750,2.1792e+07
85000,2.23128e+07
85250,2.31257e+07
85500,2.3563e+07
85750,1.66979e+07
86000,2.61031e+07
86250,2.25669e+07
86500,2.18622e+07
86750,2.26049e+07
87000,2.37364e+07
87250,2.07499e+07
87500,2.46648e+07
87750,1.84457e+07
88000,1.68717e+07
88250,2.44319e+07
88500,2.60203e+07
88750,2.5814e+07
89000,1.86303e+07
89250,2.54456e+07
89500,2.64939e+07
89750,1.74624e+07
90000,1.78316e+07
90250,1.75723e+07
90500,2.14511e+07
90750,1.84016e+07
91000,2.2153e+07
91250,1.79334e+07
91500,2.08247e+07
91750,2.56722e+07
92000,2.79326e+07
92250,2.72749e+07
92500,1.85127e+07
92750,1.81343e+07
93000,2.69409e+07
93250,2.47328e+07
93500,1.84692e+07
93750,1.9449e+07
94000,1.95833e+07
94250,2.80823e+07
94500,2.79414e+07
94750,2.3052e+07
95000,1.88539e+07
95250,1.90695e+07
95500,2.07092e+07
95750,1.88301e+07
96000,2.60277e+07
96250,2.64915e+07
96500,2.1037e+07
96750,1.89625e+07
97000,1.92728e+07
97250,2.66767e+07
97500,1.92546e+07
97750,2.70068e+07
98000,2.6634e+07
98250,2.68736e+07
98500,2.34364e+07
98750,1.94459e+07
99000,2.0027e+07
99250,1.97762e+07
99500,1.95607e+07
99750,2.90875e+07
100000,2.34811e+07
100250,2.06238e+07
100500,2.00645e+07
100750,1.96786e+07
101000,2.5749e+07
101250,2.77284e+07
101500,3.05209e+07
101750,2.64906e+07
102000,2.13169e+07
102250,2.04552e+07
102500,2.06505e+07
102750,2.01621e+07
103000,2.02756e+07
103250,2.92303e+07
103500,2.74208e+07
103750,2.2505e+07
104000,2.0735e+07
104250,2.36239e+07
104500,2.22806e+07
104750,2.06809e+07
105000,2.06229e+07
105250,2.77244e+07
105500,3.05701e+07
105750,2.91173e+07
106000,2.85008e+07
106250,2.40427e+07
106500,3.03278e+07
106750,2.32393e+07
107000,2.60965e+07
107250,2.13653e+07
107500,2.19027e+07
107750,2.23727e+07
108000,2.39665e+07
108250,2.37616e+07
108500,3.05041e+07
108750,2.69689e+07
109000,2.20174e+07
109250,3.11983e+07
109500,2.92996e+07
109750,3.21868e+07
110000,2.7067e+07
110250,2.29759e+07
110500,2.29188e+07
110750,3.38762e+07
111000,2.37604e+07
111250,2.98797e+07
111500,2.19187e+07
111750,2.19238e+07
112000,2.22017e+07
112250,2.88944e+07
112500,2.24149e+07
112750,3.09122e+07
113000,2.20942e+07
113250,2.2501e+07
113500,2.22631e+07
113750,2.26309e+07
114000,2.24918e+07
114250,3.29251e+07
114500,2.96071e+07
114750,3.29204e+07
115000,2.28092e+07
115250,3.2674e+07
115500,2.27782e+07
115750,3.00444e+07
116000,2.52492e+07
116250,3.15977e+07
116500,3.32233e+07
116750,3.28315e+07
117000,3.45813e+07
117250,3.33236e+07
117500,2.95341e+07
117750,3.36221e+07
118000,2.52227e+07
118250,3.16979e+07
118500,3.49081e+07
118750,3.40046e+07
119000,3.65127e+07
119250,3.07584e+07
119500,3.20128e+07
119750,3.27427e+07
120000,3.34736e+07
120250,3.33507e+07
120500,3.08072e+07
120750,2.42275e+07
121000,2.41528e+07
121250,3.32228e+07
121500,3.00707e+07
121750,2.37612e+07
122000,2.38365e+07
122250,2.40269e+07
122500,2.43131e+07
122750,2.45909e+07
123000,2.49766e+07
123250,3.24104e+07
123500,3.15507e+07
123750,3.09618e+07
124000,2.55086e+07
124250,3.38168e+07
124500,3.4044e+07
124750,3.72376e+07
125000,2.90418e+07
125250,2.60343e+07
125500,2.53096e+07
125750,3.6652e+07
126000,3.64296e+07
126250,3.64318e+07
126500,3.64522e+07
126750,3.66965e+07
127000,3.69243e+07
127250,3.45264e+07
127500,3.30977e+07
127750,2.57379e+07
128000,3.45455e+07
128250,3.19844e+07
128500,2.49652e+07
128750,3.50655e+07
129000,3.58064e+07
129250,3.41863e+07
129500,3.16041e+07
129750,3.28957e+07
130000,2.61843e+07
130250,2.63004e+07
130500,3.20779e+07
130750,3.31156e+07
131000,3.7839e+07
131250,3.79377e+07
131500,3.40192e+07
131750,2.97138e+07
132000,2.98289e+07
132250,2.68144e+07
132500,2.65985e+07
132750,2.68714e+07
133000,3.39782e+07
133250,3.8201e+07
133500,2.95769e+07
133750,3.23572e+07
134000,2.91821e+07
134250,4.2355e+07
134500,3.36022e+07
134750,4.07684e+07
135000,4.11497e+07
135250,4.12097e+07
135500,3.20678e+07
135750,3.9945e+07
136000,3.23666e+07
136250,4.02649e+07
136500,2.93572e+07
136750,3.19862e+07
137000,2.75555e+07
137250,3.95912e+07
137500,3.83757e+07
137750,2.74931e+07
138000,3.36901e+07
138250,3.8412e+07
138500,4.19412e+07
138750,3.91128e+07
139000,4.04627e+07
139250,4.1072e+07
139500,4.21335e+07
139750,4.20856e+07
140000,3.74485e+07
140250,2.82676e+07
140500,3.06542e+07
140750,3.82218e+07
141000,4.22412e+07
141250,4.1344e+07
141500,4.21115e+07
141750,4.20342e+07
142000,4.15402e+07
142250,4.18579e+07
142500,2.93426e+07
142750,3.25144e+07
143000,3.17658e+07
143250,3.57001e+07
143500,2.89875e+07
143750,3.77185e+07
144000,3.54158e+07
144250,3.43925e+07
144500,3.6422e+07
144750,4.41377e+07
145000,4.23587e+07
145250,3.84742e+07
145500,4.43275e+07
145750,3.61194e+07
146000,4.04877e+07
146250,4.51881e+07
146500,3.76453e+07
146750,4.25366e+07
147000,3.73722e+07
147250,3.96612e+07
147500,4.03396e+07
147750,3.55279e+07
148000,4.03945e+07
148250,3.37064e+07
148500,3.96305e+07
148750,4.24476e+07
149000,4.01117e+07
149250,3.83614e+07
149500,3.59926e+07
149750,4.31186e+07
150000,3.24634e+07
150250,4.18783e+07
150500,3.30899e+07
150750,3.93351e+07
151000,4.25659e+07
151250,3.55164e+07
151500,3.99057e+07
151750,3.50705e+07
152000,4.24427e+07
152250,4.32831e+07
152500,4.58532e+07
152750,4.62579e+07
153000,4.51665e+07
153250,4.20598e+07
153500,4.2412e+07
153750,4.21181e+07
154000,3.66605e+07
154250,4.06996e+07
154500,4.03395e+07
154750,3.14847e+07
155000,4.48844e+07
155250,4.07693e+07
155500,4.52314e+07
155750,4.29514e+07
156000,4.26818e+07
156250,4.21364e+07
156500,4.51849e+07
156750,4.59219e+07
157000,4.64023e+07
157250,4.31215e+07
157500,4.2233e+07
157750,4.03914e+07
158000,4.33454e+07
158250,4.01293e+07
158500,4.2617e+07
158750,4.14389e+07
159000,3.26178e+07
159250,3.32575e+07
159500,4.19334e+07
159750,3.25377e+07
160000,4.24373e+07
160250,4.80675e+07
160500,4.60831e+07
160750,3.23421e+07
161000,5.08018e+07
161250,4.75704e+07
161500,4.51052e+07
161750,4.67777e+07
162000,4.59708e+07
162250,4.62957e+07
162500,3.72442e+07
162750,4.22148e+07
163000,3.60685e+07
163250,4.28369e+07
163500,3.68285e+07
163750,3.27583e+07
164000,4.11639e+07
164250,4.52709e+07
164500,4.51197e+07
164750,3.3389e+07
165000,4.22633e+07
165250,4.07965e+07
165500,3.86185e+07
165750,3.47604e+07
166000,3.36912e+07
166250,3.40094e+07
166500,4.47811e+07
166750,3.41012e+07
167000,4.11209e+07
167250,4.46106e+07
167500,4.76209e+07
167750,5.05931e+07
168000,4.78672e+07
168250,4.73664e+07
168500,5.139e+07
168750,4.34662e+07
169000,4.20251e+07
169250,4.30519e+07
169500,4.76531e+07
169750,5.14537e+07
170000,5.23678e+07
170250,5.22557e+07
170500,4.62596e+07
170750,4.64678e+07
171000,3.72072e+07
171250,4.21406e+07
171500,4.79012e+07
171750,5.14161e+07
172000,4.87363e+07
172250,4.3517e+07
172500,4.68286e+07
172750,5.10604e+07
173000,5.30366e+07
173250,5.14305e+07
173500,4.69537e+07
173750,4.59855e+07
174000,4.52992e+07
174250,4.95624e+07
174500,4.8667e+07
174750,4.66454e+07
175000,5.06768e+07
175250,4.79395e+07
175500,5.01786e+07
175750,3.87545e+07
176000,3.80026e+07
176250,3.71598e+07
176500,4.90707e+07
176750,3.70195e+07
177000,3.65299e+07
177250,4.64435e+07
177500,5.18118e+07
177750,4.85695e+07
178000,5.29185e+07
178250,4.60605e+07
178500,5.36581e+07
178750,5.15228e+07
179000,4.79022e+07
179250,4.87865e+07
179500,4.66841e+07
179750,5.53748e+07
180000,5.44732e+07
180250,5.55536e+07
180500,5.44806e+07
180750,4.53845e+07
181000,5.13502e+07
181250,3.84981e+07
181500,5.15218e+07
181750,3.66181e+07
182000,3.71165e+07
182250,4.46695e+07
182500,5.00694e+07
182750,5.22028e+07
183000,5.00825e+07
183250,4.54724e+07
183500,4.76956e+07
183750,5.30638e+07
184000,4.88917e+07
184250,4.9169e+07
184500,4.01852e+07
184750,4.24871e+07
185000,5.09198e+07
185250,4.6414e+07
185500,3.94986e+07
185750,4.49441e+07
186000,4.00255e+07
186250,5.06524e+07
186500,5.22992e+07
186750,4.85272e+07
187000,3.8235e+07
187250,4.37261e+07
187500,4.68881e+07
187750,5.07901e+07
188000,4.78742e+07
188250,4.88679e+07
188500,4.31122e+07
188750,5.18123e+07
189000,5.55212e+07
189250,4.83967e+07
189500,4.56276e+07
189750,4.85559e+07
190000,4.35613e+07
190250,4.61189e+07
190500,3.9495e+07
190750,5.64981e+07
191000,5.71153e+07
191250,4.4017e+07
191500,5.44223e+07
191750,4.92625e+07
192000,5.69065e+07
192250,5.00929e+07
192500,4.11118e+07
192750,3.87874e+07
193000,4.041e+07
193250,4.70896e+07
193500,5.89072e+07
193750,5.74884e+07
194000,5.2096e+07
194250,5.03191e+07
194500,5.60849e+07
194750,5.7863e+07
195000,5.27074e+07
195250,5.44452e+07
195500,4.60963e+07
195750,4.10039e+07
196000,4.01566e+07
196250,4.02132e+07
196500,4.00429e+07
196750,3.99567e+07
197000,4.02855e+07
197250,5.17966e+07
197500,5.53513e+07
197750,5.04138e+07
198000,4.03672e+07
198250,4.05088e+07
198500,4.0688e+07
198750,4.43243e+07
199000,4.69328e+07
199250,4.96808e+07
199500,6.15761e+07
199750,4.83479e+07
200000,4.04727e+07
200250,5.44956e+07
200500,5.66368e+07
200750,4.0776e+07
201000,4.63724e+07
201250,4.46771e+07
201500,6.28336e+07
201750,5.79377e+07
202000,4.93856e+07
202250,6.18908e+07
202500,6.23301e+07
202750,5.73726e+07
203000,5.2046e+07
203250,6.04236e+07
203500,6.05737e+07
203750,5.89619e+07
204000,6.04226e+07
204250,4.62697e+07
204500,5.19113e+07
204750,5.55618e+07
205000,6.36637e+07
205250,5.43214e+07
205500,4.63194e+07
205750,4.72687e+07
206000,6.78078e+07
206250,5.81847e+07
206500,6.18326e+07
206750,5.94679e+07
207000,5.61921e+07
207250,4.90906e+07
207500,5.74414e+07
207750,5.77006e+07
208000,5.14842e+07
208250,5.55425e+07
208500,4.87505e+07
208750,6.37067e+07
209000,5.25134e+07
209250,5.8202e+07
209500,6.43818e+07
209750,5.9842e+07
210000,5.88498e+07
210250,5.75238e+07
210500,6.04365e+07
210750,6.05654e+07
211000,6.08268e+07
211250,6.32961e+07
211500,5.17232e+07
211750,6.70723e+07
212000,4.95616e+07
212250,4.69568e+07
212500,4.96496e+07
212750,6.47622e+07
213000,5.33433e+07
213250,5.17958e+07
213500,6.28308e+07
213750,6.47647e+07
214000,5.43451e+07
214250,5.80435e+07
214500,5.5178e+07
214750,5.69822e+07
215000,6.39159e+07
215250,5.9352e+07
215500,6.44619e+07
215750,6.36181e+07
216000,5.78631e+07
216250,6.01364e+07
216500,4.4412e+07
216750,4.40116e+07
217000,6.0894e+07
217250,5.56578e+07
217500,5.54079e+07
217750,5.89815e+07
218000,4.50252e+07
218250,4.60642e+07
218500,6.09795e+07
218750,5.51092e+07
219000,5.14164e+07
219250,4.5001e+07
219500,5.19965e+07
219750,5.9159e+07
220000,5.58479e+07
220250,5.60962e+07
220500,6.11432e+07
220750,6.44318e+07
221000,5.64422e+07
221250,5.51285e+07
221500,4.60379e+07
221750,6.2934e+07
222000,6.29976e+07
222250,5.2354e+07
222500,5.85271e+07
222750,5.87605e+07
223000,6.57104e+07
223250,6.57026e+07
223500,5.59862e+07
223750,7.12609e+07
224000,6.92407e+07
224250,6.63612e+07
224500,6.94803e+07
224750,6.42825e+07
225000,6.60043e+07
225250,5.51797e+07
225500,5.48895e+07
225750,5.19322e+07
226000,4.68954e+07
226250,6.43598e+07
226500,6.05697e+07
226750,6.40988e+07
227000,5.84387e+07
227250,6.40614e+07
227500,6.45533e+07
227750,7.1589e+07
228000,7.09526e+07
228250,5.24631e+07
228500,6.47663e+07
228750,6.34321e+07
229000,6.09766e+07
229250,6.71659e+07
229500,6.40535e+07
229750,6.90017e+07
230000,6.61164e+07
230250,7.1642e+07
230500,7.06176e+07
230750,6.20379e+07
231000,6.8364e+07
231250,5.38554e+07
231500,5.95935e+07
231750,6.7266e+07
232000,6.21075e+07
232250,7.02558e+07
232500,6.57558e+07
232750,6.62031e+07
233000,6.68557e+07
233250,5.32888e+07
233500,6.06694e+07
233750,7.27869e+07
234000,5.88802e+07
234250,5.78686e+07
234500,6.74463e+07
234750,6.77534e+07
235000,7.13239e+07
235250,6.32532e+07
235500,5.95366e+07
235750,5.5412e+07
236000,4.8611e+07
236250,4.83701e+07
236500,5.36382e+07
236750,7.22547e+07
237000,6.17276e+07
237250,5.01691e+07
237500,6.28826e+07
237750,6.49495e+07
238000,5.37429e+07
238250,4.99748e+07
238500,6.99966e+07
238750,6.95882e+07
239000,5.99763e+07
239250,5.71528e+07
239500,6.33856e+07
239750,5.8347e+07
240000,4.99974e+07
240250,5.14671e+07
240500,6.0921e+07
240750,4.92818e+07
241000,5.38096e+07
241250,7.27719e+07
241500,4.93152e+07
241750,6.13485e+07
242000,6.88297e+07
242250,6.03628e+07
242500,6.10193e+07
242750,5.47417e+07
243000,6.44523e+07
243250,5.39669e+07
243500,7.04542e+07
243750,6.89838e+07
244000,6.59417e+07
244250,7.5365e+07
244500,6.10456e+07
244750,6.20562e+07
245000,5.08182e+07
245250,6.65103e+07
245500,6.48473e+07
245750,6.3321e+07
246000,7.12668e+07
246250,7.0781e+07
246500,6.13756e+07
246750,5.60575e+07
247000,6.19906e+07
247250,7.35522e+07
247500,5.65787e+07
247750,5.77474e+07
248000,7.45714e+07
248250,5.93443e+07
248500,6.72228e+07
248750,7.19312e+07
249000,7.10604e+07
249250,5.42407e+07
249500,6.45623e+07
249750,6.08325e+07
250000,6.40501e+07
250250,6.84842e+07
250500,7.81433e+07
250750,5.99176e+07
251000,7.23288e+07
251250,7.4997e+07
251500,7.66825e+07
251750,6.53081e+07
252000,7.94276e+07
252250,7.97086e+07
252500,6.30651e+07
252750,6.38951e+07
253000,7.3552e+07
253250,6.93429e+07
253500,6.53726e+07
253750,6.72232e+07
254000,5.38302e+07
254250,7.70074e+07
254500,7.48299e+07
254750,7.7243e+07
255000,8.05774e+07
255250,8.13237e+07
255500,7.00046e+07
255750,7.79515e+07
256000,7.26988e+07
256250,7.49166e+07
256500,6.64814e+07
256750,7.37625e+07
257000,6.90654e+07
257250,8.18377e+07
257500,6.14765e+07
257750,5.9379e+07
258000,5.41864e+07
258250,7.11024e+07
258500,7.60141e+07
258750,6.27864e+07
259000,7.46767e+07
259250,7.20772e+07
259500,5.69828e+07
259750,6.41723e+07
260000,7.33122e+07
260250,7.31428e+07
260500,8.14573e+07
260750,6.89651e+07
261000,8.13813e+07
261250,8.12424e+07
261500,8.33324e+07
261750,8.18431e+07
262000,6.12928e+07
262250,7.12606e+07
262500,6.13018e+07
262750,6.24408e+07
263000,5.84122e+07
263250,6.37098e+07
263500,6.27375e+07
263750,7.92482e+07
264000,7.64884e+07
264250,6.86837e+07
264500,6.97173e+07
264750,7.14162e+07
265000,6.22159e+07
265250,6.61437e+07
265500,5.93646e+07
265750,5.59136e+07
266000,6.0272e+07
266250,7.72457e+07
266500,5.52872e+07
266750,5.54468e+07
267000,6.50311e+07
267250,5.515e+07
267500,7.61134e+07
267750,7.41978e+07
268000,8.07077e+07
268250,7.39543e+07
268500,6.77574e+07
268750,7.45896e+07
269000,8.1838e+07
269250,8.09099e+07
269500,8.49682e+07
269750,6.08038e+07
270000,7.11464e+07
270250,8.4222e+07
270500,7.54827e+07
270750,7.27828e+07
271000,6.13954e+07
271250,7.30512e+07
271500,7.5631e+07
271750,8.34078e+07
272000,7.00299e+07
272250,6.06368e+07
272500,8.04117e+07
272750,6.75341e+07
273000,7.91609e+07
273250,7.70942e+07
273500,7.00273e+07
273750,7.07816e+07
274000,7.49806e+07
274250,6.45039e+07
274500,7.7068e+07
274750,8.04419e+07
275000,6.31211e+07
275250,5.92592e+07
275500,5.96712e+07
275750,7.84054e+07
276000,6.70382e+07
276250,5.91023e+07
276500,5.64424e+07
276750,5.6995e+07
277000,6.07146e+07
277250,6.81807e+07
277500,8.15552e+07
277750,5.83292e+07
278000,5.73817e+07
278250,5.84827e+07
278500,8.03078e+07
278750,7.54341e+07
279000,6.92038e+07
279250,6.46705e+07
279500,6.36336e+07
279750,8.73783e+07
280000,5.82202e+07
280250,6.06034e+07
280500,6.23561e+07
280750,5.87727e+07
281000,6.2496e+07
281250,6.15273e+07
281500,8.54089e+07
281750,5.79452e+07
282000,7.64654e+07
282250,8.07866e+07
282500,8.77459e+07
282750,7.92552e+07
283000,7.08935e+07
283250,8.2373e+07
283500,6.57906e+07
283750,7.00969e+07
284000,6.76526e+07
284250,6.04617e+07
284500,6.47429e+07
284750,7.59106e+07
285000,7.61867e+07
285250,6.57458e+07
285500,7.01889e+07
285750,5.92659e+07
286000,5.74203e+07
286250,6.7815e+07
286500,6.45075e+07
286750,6.01044e+07
287000,8.11014e+07
287250,6.1489e+07
287500,5.91671e+07
287750,6.34537e+07
288000,8.62102e+07
288250,8.60459e+07
288500,8.64079e+07
288750,8.67688e+07
289000,8.58882e+07
289250,8.68561e+07
289500,8.70157e+07
289750,8.68566e+07
290000,6.72137e+07
290250,6.7365e+07
290500,6.41111e+07
290750,8.25234e+07
291000,7.86121e+07
291250,9.02955e+07
291500,9.04078e+07
291750,8.93561e+07
292000,6.02847e+07
292250,6.11113e+07
292500,7.75684e+07
292750,7.79206e+07
293000,6.8283e+07
293250,6.82176e+07
293500,9.12871e+07
293750,9.07345e+07
294000,9.20755e+07
294250,8.04266e+07
294500,7.56127e+07
294750,9.09697e+07
295000,6.60473e+07
295250,6.04825e+07
295500,6.05282e+07
295750,6.13616e+07
296000,6.25373e+07
296250,6.87363e+07
296500,6.30578e+07
296750,8.48355e+07
297000,7.93471e+07
297250,8.21183e+07
297500,9.05663e+07
297750,7.77421e+07
298000,6.69717e+07
298250,7.77931e+07
298500,8.34622e+07
298750,7.50685e+07
299000,6.94554e+07
299250,7.12082e+07
299500,7.97352e+07
299750,9.2052e+07
300000,8.35408e+07
300250,6.18049e+07
300500,6.52356e+07
300750,8.35164e+07
301000,8.96246e+07
301250,6.91879e+07
301500,7.73898e+07
301750,7.11185e+07
302000,7.30998e+07
302250,6.96092e+07
302500,7.30497e+07
302750,6.62501e+07
303000,6.96966e+07
303250,8.52134e+07
303500,7.15088e+07
303750,8.40175e+07
304000,8.91769e+07
304250,9.17044e+07
304500,8.97141e+07
304750,8.8644e+07
305000,9.26131e+07
305250,7.69636e+07
305500,6.38072e+07
305750,7.67265e+07
306000,9.50223e+07
306250,9.56967e+07
306500,6.30123e+07
306750,6.40228e+07
307000,6.84795e+07
307250,6.31232e+07
307500,6.87268e+07
307750,6.45368e+07
308000,6.89129e+07
308250,7.01997e+07
308500,7.018e+07
308750,8.97117e+07
309000,7.07414e+07
309250,9.19316e+07
309500,7.08906e+07
309750,6.52467e+07
310000,7.22182e+07
310250,6.3459e+07
310500,6.48864e+07
310750,8.11649e+07
311000,8.34565e+07
311250,9.2235e+07
311500,8.27976e+07
311750,6.78656e+07
312000,7.00889e+07
312250,6.48118e+07
312500,6.50349e+07
312750,6.50395e+07
313000,6.44429e+07
313250,7.10423e+07
313500,8.92306e+07
313750,9.05427e+07
314000,6.59269e+07
314250,6.55781e+07
314500,9.75471e+07
314750,6.51249e+07
315000,8.69153e+07
315250,9.05361e+07
315500,9.42952e+07
315750,7.20528e+07
316000,7.00916e+07
316250,8.7465e+07
316500,6.57252e+07
316750,7.12097e+07
317000,7.66216e+07
317250,6.60922e+07
317500,9.31886e+07
317750,8.9337e+07
318000,8.42427e+07
318250,6.65865e+07
318500,6.57233e+07
318750,7.65521e+07
319000,6.53316e+07
319250,6.67198e+07
319500,9.90708e+07
319750,8.55499e+07
320000,6.60521e+07
320250,6.74536e+07
320500,6.64943e+07
320750,6.52716e+07
321000,6.65673e+07
321250,8.14476e+07
321500,6.63777e+07
321750,9.61739e+07
322000,9.7248e+07
322250,8.15188e+07
322500,8.74622e+07
322750,7.90232e+07
323000,9.14273e+07
323250,8.3385e+07
323500,9.25687e+07
323750,9.56678e+07
324000,9.37775e+07
324250,9.03252e+07
324500,8.03831e+07
324750,8.90474e+07
325000,6.79265e+07
325250,8.20016e+07
325500,6.90342e+07
325750,6.79397e+07
326000,7.78272e+07
326250,8.37873e+07
326500,7.088e+07
326750,7.51442e+07
327000,9.01798e+07
327250,9.01599e+07
327500,8.4502e+07
327750,1.02685e+08
328000,7.61416e+07
328250,7.31105e+07
328500,7.37171e+07
328750,7.88709e+07
329000,9.34451e+07
329250,8.72532e+07
329500,9.33805e+07
329750,9.99401e+07
330000,9.76275e+07
330250,1.00643e+08
330500,9.06288e+07
330750,9.31986e+07
331000,8.70664e+07
331250,6.86154e+07
331500,9.90683e+07
331750,9.8964e+07
332000,6.87686e+07
332250,6.79295e+07
332500,9.34021e+07
332750,9.09515e+07
333000,9.69329e+07
333250,7.39504e+07
333500,9.801e+07
333750,9.37365e+07
334000,8.71995e+07
334250,1.05177e+08
334500,9.7525e+07
334750,9.15747e+07
335000,8.17938e+07
335250,1.05491e+08
335500,1.05092e+08
335750,6.98536e+07
336000,7.0066e+07
336250,9.56591e+07
336500,8.53205e+07
336750,7.03768e+07
337000,9.00982e+07
337250,8.46787e+07
337500,1.02483e+08
337750,7.02837e+07
338000,6.97688e+07
338250,7.34202e+07
338500,7.97566e+07
338750,9.53243e+07
339000,7.06964e+07
339250,7.92039e+07
339500,7.15698e+07
339750,7.11134e+07
340000,9.28158e+07
340250,6.95921e+07
340500,8.31682e+07
340750,7.52159e+07
341000,9.77062e+07
341250,6.94573e+07
341500,7.01683e+07
341750,6.98553e+07
342000,6.91709e+07
342250,8.80755e+07
342500,7.1214e+07
342750,1.01697e+08
343000,7.10039e+07
343250,9.42281e+07
343500,1.01864e+08
343750,1.02506e+08
344000,1.02061e+08
344250,1.02299e+08
344500,1.02769e+08
344750,9.55443e+07
345000,9.90987e+07
345250,9.7272e+07
345500,9.86243e+07
345750,9.71146e+07
346000,1.0726e+08
346250,1.05818e+08
346500,1.06495e+08
346750,8.1625e+07
347000,7.65616e+07
347250,9.83655e+07
347500,7.06171e+07
347750,7.10354e+07
348000,7.13425e+07
348250,7.09715e+07
348500,9.46615e+07
348750,7.83333e+07
349000,7.13459e+07
349250,7.17297e+07
349500,7.19577e+07
349750,1.01012e+08
350000,9.31727e+07
350250,1.08601e+08
350500,9.18939e+07
350750,7.25013e+07
351000,7.15688e+07
351250,7.19632e+07
351500,7.12905e+07
351750,7.11204e+07
352000,7.11959e+07
352250,7.08283e+07
352500,7.2985e+07
352750,7.25412e+07
353000,7.339e+07
353250,8.7954e+07
353500,1.05768e+08
353750,1.01788e+08
354000,9.82781e+07
354250,1.10266e+08
354500,8.9942e+07
354750,9.81988e+07
355000,8.46423e+07
355250,9.66506e+07
355500,9.13807e+07
355750,7.91381e+07
356000,7.35963e+07
356250,8.01967e+07
356500,1.09077e+08
356750,1.10243e+08
357000,7.34587e+07
357250,8.93691e+07
357500,1.01881e+08
357750,1.02132e+08
358000,7.60047e+07
358250,7.36246e+07
358500,9.2811e+07
358750,7.31123e+07
359000,7.40048e+07
359250,7.35203e+07
359500,7.30627e+07
359750,7.34445e+07
360000,7.37194e+07
360250,7.35413e+07
360500,7.49194e+07
360750,7.46336e+07
361000,7.40176e+07
361250,7.4253e+07
361500,7.53392e+07
361750,1.02008e+08
362000,8.2564e+07
362250,7.38091e+07
362500,7.36087e+07
362750,7.36223e+07
363000,7.46616e+07
363250,7.50664e+07
363500,1.01425e+08
363750,8.47958e+07
364000,7.3509e+07
364250,7.53178e+07
364500,7.89778e+07
364750,1.13027e+08
365000,1.14225e+08
365250,1.02236e+08
365500,1.07323e+08
365750,1.0413e+08
366000,8.68743e+07
366250,7.80261e+07
366500,7.6592e+07
366750,9.71583e+07
367000,8.09774e+07
367250,1.03654e+08
367500,1.04533e+08
367750,7.56308e+07
368000,7.70188e+07
368250,1.10462e+08
368500,1.07691e+08
368750,9.81211e+07
369000,1.11769e+08
369250,1.04225e+08
369500,1.1519e+08
369750,1.14909e+08
370000,1.15243e+08
370250,7.6398e+07
370500,7.7645e+07
370750,9.03949e+07
371000,1.15101e+08
371250,1.00639e+08
371500,1.14344e+08
371750,9.51461e+07
372000,9.47051e+07
372250,1.01403e+08
372500,9.27926e+07
372750,9.8849e+07
373000,9.51766e+07
373250,1.06196e+08
373500,1.17767e+08
373750,9.72616e+07
374000,1.11621e+08
374250,1.01391e+08
374500,1.09595e+08
374750,8.05991e+07
375000,9.08447e+07
375250,1.0577e+08
375500,8.84589e+07
375750,1.09316e+08
376000,1.10989e+08
376250,9.38728e+07
376500,1.1035e+08
376750,1.11792e+08
377000,1.07504e+08
377250,9.5472e+07
377500,1.03576e+08
377750,9.59738e+07
378000,1.00198e+08
378250,1.01884e+08
378500,8.72452e+07
378750,1.158e+08
379000,1.06281e+08
379250,1.00246e+08
379500,1.05476e+08
379750,1.07449e+08
380000,8.58152e+07
380250,8.07467e+07
380500,1.09161e+08
380750,1.12985e+08
381000,1.10458e+08
381250,1.10249e+08
381500,1.03071e+08
381750,1.09694e+08
382000,1.08784e+08
382250,1.09575e+08
382500,9.64346e+07
382750,9.12782e+07
383000,1.02434e+08
383250,9.70878e+07
383500,1.11139e+08
383750,9.75451e+07
384000,1.15561e+08
384250,1.10145e+08
384500,1.13986e+08
384750,1.23704e+08
385000,1.23921e+08
385250,1.18912e+08
385500,1.15408e+08
385750,1.23621e+08
386000,1.16793e+08
386250,1.04004e+08
386500,1.11376e+08
386750,9.23057e+07
387000,9.60259e+07
387250,1.0884e+08
387500,1.17228e+08
387750,1.09815e+08
388000,1.10464e+08
388250,1.01056e+08
388500,8.78845e+07
388750,1.16292e+08
389000,9.80343e+07
389250,8.15991e+07
389500,9.34495e+07
389750,1.14229e+08
390000,1.07849e+08
390250,1.11015e+08
390500,9.34331e+07
390750,1.11151e+08
391000,9.58796e+07
391250,1.0865e+08
391500,1.11069e+08
391750,8.70865e+07
392000,1.21821e+08
392250,1.0892e+08
392500,1.10224e+08
392750,1.18357e+08
393000,1.09114e+08
393250,9.97927e+07
393500,1.05496e+08
393750,1.12152e+08
394000,8.52922e+07
394250,8.49727e+07
394500,1.12765e+08
394750,1.13842e+08
395000,1.089e+08
395250,1.10028e+08
395500,1.16859e+08
395750,1.09816e+08
396000,1.06528e+08
396250,1.13336e+08
396500,1.13178e+08
396750,1.13763e+08
397000,1.13809e+08
397250,1.08797e+08
397500,1.20361e+08
397750,9.42823e+07
398000,1.1023e+08
398250,1.24954e+08
398500,1.18346e+08
398750,1.2769e+08
399000,1.13717e+08
399250,1.12595e+08
399500,8.37462e+07
399750,8.2922e+07
400000,1.09978e+08
400250,1.14647e+08
400500,1.15722e+08
400750,1.28263e+08
401000,1.27676e+08
401250,1.27845e+08
401500,8.96263e+07
401750,1.16096e+08
402000,1.12887e+08
402250,1.29508e+08
402500,1.28932e+08
402750,1.29205e+08
403000,8.39002e+07
403250,1.16165e+08
403500,9.18909e+07
403750,8.94116e+07
404000,1.0258e+08
404250,9.73377e+07
404500,8.40732e+07
404750,8.59034e+07
405000,1.12658e+08
405250,1.24907e+08
405500,1.20052e+08
405750,1.18355e+08
406000,1.13531e+08
406250,1.26761e+08
406500,1.2703e+08
406750,1.01169e+08
407000,9.15681e+07
407250,8.36383e+07
407500,1.03561e+08
407750,1.13233e+08
408000,9.84755e+07
408250,9.45032e+07
408500,9.0239e+07
408750,1.1636e+08
409000,1.2161e+08
409250,1.27668e+08
409500,1.2862e+08
409750,1.10609e+08
410000,1.09618e+08
410250,1.06662e+08
410500,1.14325e+08
410750,1.07691e+08
411000,8.48521e+07
411250,8.69843e+07
411500,8.95399e+07
411750,1.10842e+08
412000,1.06254e+08
412250,1.14528e+08
412500,1.10302e+08
412750,1.2302e+08
413000,9.56821e+07
413250,1.10235e+08
413500,1.06688e+08
413750,1.17671e+08
414000,1.188e+08
414250,1.18456e+08
414500,1.1635e+08
414750,1.2467e+08
415000,1.10677e+08
415250,1.24472e+08
415500,1.24969e+08
415750,1.24841e+08
416000,1.12741e+08
416250,1.25722e+08
416500,1.30307e+08
416750,1.1492e+08
417000,1.17049e+08
417250,8.71317e+07
417500,1.13586e+08
417750,1.25028e+08
418000,1.25876e+08
418250,1.23335e+08
418500,1.26925e+08
418750,9.37089e+07
419000,9.35122e+07
419250,1.26094e+08
419500,1.14001e+08
419750,1.24402e+08
420000,1.0413e+08
420250,1.12534e+08
420500,1.31562e+08
420750,9.6937e+07
421000,1.13728e+08
421250,1.20508e+08
421500,1.21127e+08
421750,1.20509e+08
422000,8.79571e+07
422250,1.09e+08
422500,8.72078e+07
422750,1.10866e+08
423000,1.26083e+08
423250,1.13567e+08
423500,1.19436e+08
423750,1.2049e+08
424000,1.28585e+08
424250,1.23051e+08
424500,1.23008e+08
424750,1.24091e+08
425000,1.2133e+08
425250,1.23684e+08
425500,1.26328e+08
425750,9.36174e+07
426000,9.37777e+07
426250,1.23197e+08
426500,1.23955e+08
426750,9.76738e+07
427000,1.08204e+08
427250,1.29204e+08
427500,1.28722e+08
427750,1.04365e+08
428000,1.22977e+08
428250,8.89729e+07
428500,1.183e+08
428750,1.2526e+08
429000,9.51394e+07
429250,1.25167e+08
429500,9.22829e+07
429750,1.25568e+08
430000,9.46837e+07
430250,1.30386e+08
430500,9.60985e+07
430750,9.5942e+07
431000,1.07934e+08
431250,9.9192e+07
431500,1.23395e+08
431750,1.14188e+08
432000,8.99183e+07
432250,1.30677e+08
432500,1.10296e+08
432750,1.20737e+08
433000,1.2969e+08
433250,1.23348e+08
433500,1.27676e+08
433750,1.23284e+08
434000,1.0827e+08
434250,9.00995e+07
434500,1.22414e+08
434750,1.2702e+08
435000,1.39925e+08
435250,1.39718e+08
435500,9.77611e+07
435750,1.00049e+08
436000,1.26796e+08
436250,1.16224e+08
436500,1.2215e+08
436750,1.28723e+08
437000,1.36541e+08
437250,8.99723e+07
437500,1.06362e+08
437750,9.63175e+07
438000,1.23974e+08
438250,1.37049e+08
438500,1.09455e+08
438750,1.31352e+08
439000,1.0863e+08
439250,1.00061e+08
439500,1.27534e+08
439750,1.279e+08
440000,1.28026e+08
440250,9.78444e+07
440500,9.36492e+07
440750,1.10245e+08
441000,1.24315e+08
441250,9.94985e+07
441500,1.01358e+08
441750,1.27919e+08
442000,1.2568e+08
442250,1.27237e+08
442500,1.168e+08
442750,1.22218e+08
443000,1.22306e+08
443250,9.49209e+07
443500,9.80613e+07
443750,1.29242e+08
444000,1.23621e+08
444250,1.30717e+08
444500,1.21466e+08
444750,1.14977e+08
445000,1.22623e+08
445250,1.26562e+08
445500,1.26903e+08
445750,1.28465e+08
446000,1.27971e+08
446250,1.28613e+08
446500,1.15641e+08
446750,1.29856e+08
447000,1.3017e+08
447250,1.18363e+08
447500,1.2938e+08
447750,1.25849e+08
448000,9.37238e+07
448250,1.22747e+08
448500,1.14955e+08
448750,1.11658e+08
449000,1.35981e+08
449250,1.3612e+08
449500,1.36437e+08
449750,1.35655e+08
450000,1.31368e+08
450250,1.16866e+08
450500,1.31516e+08
450750,1.32618e+08
451000,1.31505e+08
451250,1.31119e+08
451500,1.32427e+08
451750,1.32544e+08
452000,1.26391e+08
452250,1.14572e+08
452500,1.18453e+08
452750,9.9926e+07
453000,9.35084e+07
453250,9.83903e+07
453500,1.29876e+08
453750,9.49184e+07
454000,1.21915e+08
454250,1.13927e+08
454500,1.24243e+08
454750,1.29267e+08
455000,1.30391e+08
455250,1.11272e+08
455500,1.30817e+08
455750,1.30799e+08
456000,1.34226e+08
456250,1.33001e+08
456500,1.40704e+08
456750,1.42847e+08
457000,1.43336e+08
457250,9.42487e+07
457500,9.5493e+07
457750,1.08278e+08
458000,1.27203e+08
458250,1.31257e+08
458500,1.31251e+08
458750,1.17947e+08
459000,1.40578e+08
459250,1.34076e+08
459500,9.49617e+07
459750,1.30383e+08
460000,9.72908e+07
460250,9.51647e+07
460500,9.59782e+07
460750,9.57068e+07
461000,1.15937e+08
461250,1.38614e+08
461500,1.26918e+08
461750,1.25309e+08
462000,1.23069e+08
462250,1.32706e+08
462500,1.31418e+08
462750,9.65336e+07
463000,1.10152e+08
463250,9.59925e+07
463500,9.69643e+07
463750,1.33641e+08
464000,1.33029e+08
464250,1.3365e+08
464500,1.34343e+08
464750,1.31316e+08
465000,1.33402e+08
465250,1.32905e+08
465500,1.17284e+08
465750,1.35385e+08
466000,1.11646e+08
466250,1.34905e+08
466500,1.25319e+08
466750,1.21811e+08
467000,1.06471e+08
467250,9.67634e+07
467500,1.34292e+08
467750,1.34034e+08
468000,9.90174e+07
468250,9.80358e+07
468500,9.82275e+07
468750,9.61887e+07
469000,1.00418e+08
469250,9.89564e+07
469500,9.72883e+07
469750,9.81113e+07
470000,1.09835e+08
470250,1.19437e+08
470500,1.22772e+08
470750,1.34538e+08
471000,1.2802e+08
471250,1.28797e+08
471500,1.30349e+08
471750,9.81744e+07
472000,1.31604e+08
472250,1.34708e+08
472500,9.88621e+07
472750,1.03839e+08
473000,1.03662e+08
473250,9.8868e+07
473500,1.34924e+08
473750,1.38353e+08
474000,1.34545e+08
474250,1.36829e+08
474500,9.84455e+07
474750,1.3556e+08
475000,1.11872e+08
475250,1.10056e+08
475500,1.48467e+08
475750,1.52375e+08
476000,1.51666e+08
476250,1.52741e+08
476500,1.53584e+08
476750,1.39745e+08
477000,1.37343e+08
477250,1.37046e+08
477500,1.38148e+08
477750,1.36787e+08
478000,1.3487e+08
478250,9.98755e+07
478500,1.15946e+08
478750,1.37106e+08
479000,1.36838e+08
479250,1.19104e+08
479500,1.53914e+08
479750,1.19526e+08
480000,1.01475e+08
480250,1.05251e+08
480500,1.37712e+08
480750,1.35313e+08
481000,1.19434e+08
481250,1.0015e+08
481500,1.0018e+08
481750,9.98368e+07
482000,1.25288e+08
482250,1.46018e+08
482500,1.00291e+08
482750,1.41567e+08
483000,1.40643e+08
483250,1.46598e+08
483500,1.46481e+08
483750,1.22716e+08
484000,9.99389e+07
484250,1.10963e+08
484500,1.46653e+08
484750,1.51157e+08
485000,1.51984e+08
485250,1.532e+08
485500,1.52569e+08
485750,1.48704e+08
486000,1.51365e+08
486250,1.24374e+08
486500,1.01156e+08
486750,1.00464e+08
487000,1.41533e+08
487250,1.56188e+08
487500,1.11826e+08
487750,1.45058e+08
488000,1.06561e+08
488250,1.23276e+08
488500,1.35928e+08
488750,1.40379e+08
489000,1.39942e+08
489250,1.40484e+08
489500,1.42733e+08
489750,1.23558e+08
490000,1.46264e+08
490250,1.01655e+08
490500,1.27919e+08
490750,1.44876e+08
491000,1.30393e+08
491250,1.43257e+08
491500,1.47633e+08
491750,1.49481e+08
492000,1.50081e+08
492250,1.49548e+08
492500,1.47358e+08
492750,1.1368e+08
493000,1.44214e+08
493250,1.19811e+08
493500,1.4652e+08
493750,1.29675e+08
494000,1.43929e+08
494250,1.37579e+08
494500,1.21747e+08
494750,1.12687e+08
495000,1.16194e+08
495250,1.49357e+08
495500,1.04212e+08
495750,1.28654e+08
496000,1.43321e+08
496250,1.35876e+08
496500,1.13246e+08
496750,1.03266e+08
497000,1.38784e+08
497250,1.46318e+08
497500,1.45026e+08
497750,1.43873e+08
498000,1.03634e+08
498250,1.28755e+08
498500,1.53544e+08
498750,1.35631e+08
499000,1.55756e+08
499250,1.56463e+08
499500,1.23623e+08
499750,1.12618e+08
500000,1.09928e+08
500250,1.08701e+08
500500,1.04194e+08
500750,1.03897e+08
501000,1.04918e+08
501250,1.05014e+08
501500,1.03155e+08
501750,1.04745e+08
502000,1.04672e+08
502250,1.06367e+08
502500,1.27365e+08
502750,1.45046e+08
503000,1.44084e+08
503250,1.32019e+08
503500,1.49957e+08
503750,1.29727e+08
504000,1.49846e+08
504250,1.45538e+08
504500,1.44357e+08
504750,1.38844e+08
505000,1.47296e+08
505250,1.44277e+08
505500,1.53305e+08
505750,1.1437e+08
506000,1.05034e+08
506250,1.11105e+08
506500,1.06077e+08
506750,1.10809e+08
507000,1.14456e+08
507250,1.06274e+08
507500,1.0706e+08
507750,1.0532e+08
508000,1.31195e+08
508250,1.59449e+08
508500,1.51126e+08
508750,1.50503e+08
509000,1.35559e+08
509250,1.49404e+08
509500,1.36786e+08
509750,1.48508e+08
510000,1.36803e+08
510250,1.05693e+08
510500,1.39188e+08
510750,1.07269e+08
511000,1.17416e+08
511250,1.07119e+08
511500,1.08622e+08
511750,1.06974e+08
512000,1.07475e+08
512250,1.07035e+08
512500,1.06464e+08
512750,1.09512e+08
513000,1.37989e+08
513250,1.09359e+08
513500,1.49553e+08
513750,1.63941e+08
514000,1.66002e+08
514250,1.56929e+08
514500,1.24737e+08
514750,1.26518e+08
515000,1.13781e+08
515250,1.3701e+08
515500,1.6159e+08
515750,1.34744e+08
516000,1.41411e+08
516250,1.46129e+08
516500,1.23556e+08
516750,1.3875e+08
517000,1.49569e+08
517250,1.62577e+08
517500,1.07027e+08
517750,1.07822e+08
518000,1.59755e+08
518250,1.56345e+08
518500,1.67502e+08
518750,1.6767e+08
519000,1.67295e+08
519250,1.43708e+08
519500,1.47692e+08
519750,1.41464e+08
520000,1.36709e+08
520250,1.08709e+08
520500,1.14677e+08
520750,1.46152e+08
521000,1.51454e+08
521250,1.47697e+08
521500,1.19732e+08
521750,1.49166e+08
522000,1.52095e+08
522250,1.53098e+08
522500,1.52647e+08
522750,1.46185e+08
523000,1.10631e+08
523250,1.18358e+08
523500,1.52867e+08
523750,1.58719e+08
524000,1.09094e+08
524250,1.1476e+08
524500,1.09475e+08
524750,1.29399e+08
525000,1.55916e+08
525250,1.66821e+08
525500,1.22073e+08
525750,1.69246e+08
526000,1.70659e+08
526250,1.44895e+08
526500,1.40125e+08
526750,1.52796e+08
527000,1.54233e+08
527250,1.1001e+08
527500,1.21668e+08
527750,1.2511e+08
528000,1.23749e+08
528250,1.33429e+08
528500,1.40572e+08
528750,1.54029e+08
529000,1.14097e+08
529250,1.10816e+08
529500,1.11068e+08
529750,1.10098e+08
530000,1.10316e+08
530250,1.27431e+08
530500,1.10955e+08
530750,1.14747e+08
531000,1.10134e+08
531250,1.09559e+08
531500,1.10274e+08
531750,1.17468e+08
532000,1.59278e+08
532250,1.55729e+08
532500,1.11821e+08
532750,1.4429e+08
533000,1.53407e+08
533250,1.52931e+08
533500,1.31238e+08
533750,1.37451e+08
534000,1.12151e+08
534250,1.14064e+08
534500,1.12495e+08
534750,1.11319e+08
535000,1.12264e+08
535250,1.19267e+08
535500,1.5668e+08
535750,1.35564e+08
536000,1.53305e+08
536250,1.53619e+08
536500,1.54514e+08
536750,1.53576e+08
537000,1.14454e+08
537250,1.1237e+08
537500,1.54018e+08
537750,1.58835e+08
538000,1.56874e+08
538250,1.57298e+08
538500,1.55097e+08
538750,1.64959e+08
539000,1.70032e+08
539250,1.70409e+08
539500,1.65231e+08
539750,1.37378e+08
540000,1.26404e+08
540250,1.41513e+08
540500,1.47619e+08
540750,1.53741e+08
541000,1.57516e+08
541250,1.56428e+08
541500,1.51131e+08
541750,1.35833e+08
542000,1.53786e+08
542250,1.64586e+08
542500,1.64599e+08
542750,1.6462e+08
543000,1.63029e+08
543250,1.5226e+08
543500,1.63422e+08
543750,1.33723e+08
544000,1.4486e+08
544250,1.65574e+08
544500,1.70757e+08
544750,1.43449e+08
545000,1.2273e+08
545250,1.30372e+08
545500,1.58013e+08
545750,1.56095e+08
546000,1.58275e+08
546250,1.27705e+08
546500,1.37488e+08
546750,1.28962e+08
547000,1.49994e+08
547250,1.64859e+08
547500,1.21109e+08
547750,1.30707e+08
548000,1.30611e+08
548250,1.26907e+08
548500,1.58882e+08
548750,1.41575e+08
549000,1.63956e+08
549250,1.71666e+08
549500,1.72672e+08
549750,1.65769e+08
550000,1.72964e+08
550250,1.63027e+08
550500,1.72816e+08
550750,1.70209e+08
551000,1.54239e+08
551250,1.5271e+08
551500,1.60948e+08
551750,1.46802e+08
552000,1.68436e+08
552250,1.20013e+08
552500,1.1555e+08
552750,1.24162e+08
553000,1.62402e+08
553250,1.22605e+08
553500,1.15191e+08
553750,1.16095e+08
554000,1.28321e+08
554250,1.16106e+08
554500,1.56693e+08
554750,1.34223e+08
555000,1.40868e+08
555250,1.59939e+08
555500,1.52058e+08
555750,1.48278e+08
556000,1.60399e+08
556250,1.30993e+08
556500,1.55078e+08
556750,1.62278e+08
557000,1.47939e+08
557250,1.29256e+08
557500,1.72373e+08
557750,1.21747e+08
558000,1.6507e+08
558250,1.5037e+08
558500,1.16671e+08
558750,1.39923e+08
559000,1.15674e+08
559250,1.41256e+08
559500,1.37639e+08
559750,1.37813e+08
560000,1.55384e+08
560250,1.61078e+08
560500,1.35996e+08
560750,1.38508e+08
561000,1.63057e+08
561250,1.17236e+08
561500,1.18443e+08
561750,1.1724e+08
562000,1.17914e+08
562250,1.1751e+08
562500,1.28724e+08
562750,1.51488e+08
563000,1.63366e+08
563250,1.28711e+08
563500,1.49144e+08
563750,1.448e+08
564000,1.50221e+08
564250,1.26024e+08
564500,1.41337e+08
564750,1.6138e+08
565000,1.62287e+08
565250,1.61715e+08
565500,1.54988e+08
565750,1.43082e+08
566000,1.63589e+08
566250,1.19594e+08
566500,1.57006e+08
566750,1.64491e+08
567000,1.33492e+08
567250,1.6882e+08
567500,1.60176e+08
567750,1.24077e+08
568000,1.18661e+08
568250,1.18607e+08
568500,1.52416e+08
568750,1.40008e+08
569000,1.66285e+08
569250,1.67219e+08
569500,1.67337e+08
569750,1.66108e+08
570000,1.30796e+08
570250,1.61476e+08
570500,1.46159e+08
570750,1.74262e+08
571000,1.7312e+08
571250,1.7234e+08
571500,1.5271e+08
571750,1.67841e+08
572000,1.18499e+08
572250,1.62899e+08
572500,1.7432e+08
572750,1.64494e+08
573000,1.19916e+08
573250,1.51001e+08
573500,1.19892e+08
573750,1.62226e+08
574000,1.68153e+08
574250,1.19375e+08
574500,1.36934e+08
574750,1.33548e+08
575000,1.49082e+08
575250,1.60061e+08
575500,1.6572e+08
575750,1.66705e+08
576000,1.18304e+08
576250,1.20202e+08
576500,1.19845e+08
576750,1.55734e+08
577000,1.66577e+08
577250,1.20748e+08
577500,1.52258e+08
577750,1.21276e+08
578000,1.1939e+08
578250,1.23017e+08
578500,1.20702e+08
578750,1.42088e+08
579000,1.67242e+08
579250,1.53983e+08
579500,1.35166e+08
579750,1.22004e+08
580000,1.20229e+08
580250,1.20859e+08
580500,1.20903e+08
580750,1.20359e+08
581000,1.20738e+08
581250,1.21191e+08
581500,1.21036e+08
581750,1.20596e+08
582000,1.22337e+08
582250,1.21022e+08
582500,1.74884e+08
582750,1.77564e+08
583000,1.2203e+08
583250,1.54935e+08
583500,1.69176e+08
583750,1.3961e+08
584000,1.68907e+08
584250,1.63461e+08
584500,1.51765e+08
584750,1.33187e+08
585000,1.68449e+08
585250,1.71813e+08
585500,1.71714e+08
585750,1.7097e+08
586000,1.35168e+08
586250,1.38471e+08
586500,1.39965e+08
586750,1.784e+08
587000,1.2139e+08
587250,1.28872e+08
587500,1.57565e+08
587750,1.6757e+08
588000,1.70131e+08
588250,1.68602e+08
588500,1.69528e+08
588750,1.51338e+08
589000,1.67591e+08
589250,1.5562e+08
589500,1.6938e+08
589750,1.70245e+08
590000,1.68583e+08
590250,1.70087e+08
590500,1.22118e+08
590750,1.64585e+08
591000,1.22479e+08
591250,1.34635e+08
591500,1.37996e+08
591750,1.48371e+08
592000,1.27029e+08
592250,1.25814e+08
592500,1.70003e+08
592750,1.72096e+08
593000,1.49762e+08
593250,1.51179e+08
593500,1.24521e+08
593750,1.4889e+08
594000,1.57027e+08
594250,1.78711e+08
594500,1.41119e+08
594750,1.69772e+08
595000,1.35768e+08
595250,1.65397e+08
595500,1.71415e+08
595750,1.71089e+08
596000,1.71275e+08
596250,1.61934e+08
596500,1.66931e+08
596750,1.2444e+08
597000,1.24185e+08
597250,1.24398e+08
597500,1.65172e+08
597750,1.52541e+08
598000,1.69344e+08
598250,1.41728e+08
598500,1.24761e+08
598750,1.25337e+08
599000,1.24114e+08
599250,1.25627e+08
599500,1.24929e+08
599750,1.25532e+08
600000,1.74522e+08
600250,1.75552e+08
600500,1.76253e+08
600750,1.66878e+08
601000,1.47873e+08
601250,1.25528e+08
601500,1.53272e+08
601750,1.26159e+08
602000,1.25703e+08
602250,1.25708e+08
602500,1.73586e+08
602750,1.57827e+08
603000,1.6037e+08
603250,1.27364e+08
603500,1.27666e+08
603750,1.64783e+08
604000,1.88155e+08
604250,1.32645e+08
604500,1.41877e+08
604750,1.7736e+08
605000,1.33358e+08
605250,1.2792e+08
605500,1.32717e+08
605750,1.73155e+08
606000,1.50273e+08
606250,1.67678e+08
606500,1.61743e+08
606750,1.76012e+08
607000,1.29613e+08
607250,1.6005e+08
607500,1.26837e+08
607750,1.26913e+08
608000,1.65391e+08
608250,1.7781e+08
608500,1.62324e+08
608750,1.38812e+08
609000,1.49617e+08
609250,1.2667e+08
609500,1.79699e+08
609750,1.84484e+08
610000,1.86447e+08
610250,1.69697e+08
610500,1.69413e+08
610750,1.76807e+08
611000,1.75963e+08
611250,1.71755e+08
611500,1.42785e+08
611750,1.526e+08
612000,1.80122e+08
612250,1.5329e+08
612500,1.7552e+08
612750,1.89548e+08
613000,1.49233e+08
613250,1.45719e+08
613500,1.80189e+08
613750,1.81913e+08
614000,1.87194e+08
614250,1.78375e+08
614500,1.79274e+08
614750,1.77411e+08
615000,1.27926e+08
615250,1.58497e+08
615500,1.28789e+08
615750,1.33727e+08
616000,1.29421e+08
616250,1.29333e+08
616500,1.73781e+08
616750,1.80508e+08
617000,1.60389e+08
617250,1.28154e+08
617500,1.71297e+08
617750,1.79533e+08
618000,1.78889e+08
618250,1.74631e+08
618500,1.29115e+08
618750,1.63239e+08
619000,1.33737e+08
619250,1.29802e+08
619500,1.30343e+08
619750,1.2973e+08
620000,1.31986e+08
620250,1.29041e+08
620500,1.55793e+08
620750,1.8181e+08
621000,1.8304e+08
621250,1.82268e+08
621500,1.65522e+08
621750,1.55165e+08
622000,1.64493e+08
622250,1.6694e+08
622500,1.78657e+08
622750,1.72861e+08
623000,1.46633e+08
623250,1.64084e+08
623500,1.47102e+08
623750,1.43352e+08
624000,1.91373e+08
624250,1.30461e+08
624500,1.29773e+08
624750,1.29973e+08
625000,1.56029e+08
625250,1.29043e+08
625500,1.65957e+08
625750,1.82704e+08
626000,1.84113e+08
626250,1.52272e+08
626500,1.32922e+08
626750,1.63448e+08
627000,1.80729e+08
627250,1.31522e+08
627500,1.70321e+08
627750,1.5373e+08
628000,1.39543e+08
628250,1.84322e+08
628500,1.84676e+08
628750,1.84362e+08
629000,1.59739e+08
629250,1.30344e+08
629500,1.32604e+08
629750,1.32902e+08
630000,1.32838e+08
630250,1.31708e+08
630500,1.3263e+08
630750,1.47565e+08
631000,1.73717e+08
631250,1.8036e+08
631500,1.80572e+08
631750,1.67279e+08
632000,1.62811e+08
632250,1.32251e+08
632500,1.32949e+08
632750,1.31726e+08
633000,1.31824e+08
633250,1.31971e+08
633500,1.4041e+08
633750,1.54467e+08
634000,1.31902e+08
634250,1.33245e+08
634500,1.39699e+08
634750,1.32727e+08
635000,1.68821e+08
635250,1.32624e+08
635500,1.31802e+08
635750,1.65165e+08
636000,1.83701e+08
636250,1.83452e+08
636500,1.51983e+08
636750,1.32908e+08
637000,1.34719e+08
637250,1.32506e+08
637500,1.33236e+08
637750,1.67292e+08
638000,1.82401e+08
638250,1.40679e+08
638500,1.74636e+08
638750,1.33546e+08
639000,1.35074e+08
639250,1.33719e+08
639500,1.32474e+08
639750,1.32429e+08
640000,1.3405e+08
640250,1.33912e+08
640500,1.34592e+08
640750,1.46792e+08
641000,1.85172e+08
641250,1.64311e+08
641500,1.34117e+08
641750,1.3469e+08
642000,1.38543e+08
642250,1.84274e+08
642500,1.85127e+08
642750,1.3583e+08
643000,1.3456e+08
643250,1.32617e+08
643500,1.35386e+08
643750,1.34299e+08
644000,1.35809e+08
644250,1.34518e+08
644500,1.34289e+08
644750,1.34119e+08
645000,1.35414e+08
645250,1.40287e+08
645500,1.35022e+08
645750,1.85999e+08
646000,1.347e+08
646250,1.33812e+08
646500,1.35043e+08
646750,1.34726e+08
647000,1.35888e+08
647250,1.355e+08
647500,1.34696e+08
647750,1.35187e+08
648000,1.73698e+08
648250,1.35629e+08
648500,1.35538e+08
648750,1.35955e+08
649000,1.35878e+08
649250,1.48612e+08
649500,1.671e+08
649750,1.39762e+08
650000,1.48845e+08
650250,1.88815e+08
650500,1.87217e+08
650750,1.88018e+08
651000,1.5113e+08
651250,1.52775e+08
651500,1.59418e+08
651750,1.75231e+08
652000,1.35974e+08
652250,1.37525e+08
652500,1.69321e+08
652750,1.89847e+08
653000,1.85861e+08
653250,1.88501e+08
653500,1.36077e+08
653750,1.36537e+08
654000,1.5089e+08
654250,1.5502e+08
654500,1.37671e+08
654750,1.47102e+08
655000,1.37056e+08
655250,1.84023e+08
655500,1.85285e+08
655750,1.89073e+08
656000,1.8874e+08
656250,1.89666e+08
656500,1.54884e+08
656750,1.36655e+08
657000,1.40074e+08
657250,1.42929e+08
657500,1.45776e+08
657750,1.39167e+08
658000,1.39577e+08
658250,1.46798e+08
658500,1.51348e+08
658750,1.68102e+08
659000,1.92071e+08
659250,1.90236e+08
659500,1.40395e+08
659750,1.54147e+08
660000,1.90465e+08
660250,1.90594e+08
660500,1.91038e+08
660750,1.72308e+08
661000,1.57426e+08
661250,1.63046e+08
661500,1.9447e+08
661750,1.93768e+08
662000,1.9282e+08
662250,1.60701e+08
662500,1.42827e+08
662750,1.66541e+08
663000,1.39413e+08
663250,1.38876e+08
663500,1.60355e+08
663750,1.8846e+08
664000,1.65101e+08
664250,1.38498e+08
664500,1.96903e+08
664750,1.45773e+08
665000,1.40019e+08
665250,1.65943e+08
665500,1.39524e+08
665750,1.38113e+08
666000,1.38778e+08
666250,1.39521e+08
666500,1.38968e+08
666750,1.37964e+08
667000,1.39368e+08
667250,1.40218e+08
667500,1.72081e+08
667750,1.93147e+08
668000,1.77316e+08
668250,1.38941e+08
668500,1.58138e+08
668750,1.8269e+08
669000,1.92727e+08
669250,1.61956e+08
669500,1.54912e+08
669750,1.45363e+08
670000,1.94064e+08
670250,1.41682e+08
670500,1.40864e+08
670750,1.40242e+08
671000,1.39433e+08
671250,1.50931e+08
671500,1.55974e+08
671750,1.51851e+08
672000,1.9197e+08
672250,1.83962e+08
672500,1.40337e+08
672750,1.83396e+08
673000,1.77303e+08
673250,1.40273e+08
673500,1.40327e+08
673750,1.39927e+08
674000,1.4139e+08
674250,1.70805e+08
674500,1.942e+08
674750,1.41285e+08
675000,1.41059e+08
675250,1.40928e+08
675500,1.55787e+08
675750,1.79932e+08
676000,1.968e+08
676250,1.95831e+08
676500,1.85672e+08
676750,1.41168e+08
677000,1.5692e+08
677250,1.40699e+08
677500,1.43297e+08
677750,1.80456e+08
678000,1.41116e+08
678250,1.42479e+08
678500,1.9639e+08
678750,1.42932e+08
679000,1.41872e+08
679250,1.6121e+08
679500,1.4086e+08
679750,1.57878e+08
680000,1.48791e+08
680250,1.63138e+08
680500,1.87864e+08
680750,1.69715e+08
681000,1.72881e+08
681250,1.41262e+08
681500,1.43485e+08
681750,1.43071e+08
682000,1.80313e+08
682250,1.43082e+08
682500,1.53712e+08
682750,1.99901e+08
683000,1.6675e+08
683250,1.95412e+08
683500,1.53827e+08
683750,1.42847e+08
684000,1.88403e+08
684250,1.80087e+08
684500,1.91986e+08
684750,1.74252e+08
685000,1.7788e+08
685250,1.97577e+08
685500,1.97778e+08
685750,1.47195e+08
686000,1.43255e+08
686250,1.43736e+08
686500,1.42216e+08
686750,1.85222e+08
687000,1.82788e+08
687250,1.66138e+08
687500,1.42694e+08
687750,1.57055e+08
688000,1.45947e+08
688250,1.99483e+08
688500,1.44357e+08
688750,1.59684e+08
689000,2.01455e+08
689250,1.73316e+08
689500,1.43151e+08
689750,1.44223e+08
690000,1.44028e+08
690250,1.43854e+08
690500,1.45194e+08
690750,1.44343e+08
691000,1.51546e+08
691250,1.79586e+08
691500,1.99804e+08
691750,1.89043e+08
692000,1.45828e+08
692250,1.59712e+08
692500,2.00929e+08
692750,1.551e+08
693000,1.46231e+08
693250,1.55603e+08
693500,1.9982e+08
693750,1.80895e+08
694000,2.03012e+08
694250,2.0291e+08
694500,1.59546e+08
694750,2.0073e+08
695000,1.75243e+08
695250,1.63834e+08
695500,2.04507e+08
695750,1.87695e+08
696000,1.46576e+08
696250,1.81947e+08
696500,1.91061e+08
696750,2.01591e+08
697000,2.01988e+08
697250,1.85684e+08
697500,1.45742e+08
697750,1.4716e+08
698000,1.45407e+08
698250,1.4717e+08
698500,1.46228e+08
698750,1.4616e+08
699000,1.45452e+08
699250,1.46606e+08
699500,1.46852e+08
699750,2.04589e+08
700000,1.4885e+08
700250,1.52332e+08
700500,2.00783e+08
700750,1.97171e+08
701000,2.03848e+08
701250,1.91307e+08
701500,1.78542e+08
701750,1.60124e+08
702000,1.46856e+08
702250,1.48331e+08
702500,1.45649e+08
702750,1.46721e+08
703000,1.47553e+08
703250,1.46988e+08
703500,2.01357e+08
703750,1.87955e+08
704000,1.47637e+08
704250,1.4704e+08
704500,1.65677e+08
704750,1.64359e+08
705000,2.04884e+08
705250,1.4678e+08
705500,1.98314e+08
705750,1.54731e+08
706000,1.49152e+08
706250,1.49224e+08
706500,1.4813e+08
706750,1.67484e+08
707000,1.62372e+08
707250,2.04651e+08
707500,1.57154e+08
707750,1.4627e+08
708000,1.75289e+08
708250,1.73433e+08
708500,1.47607e+08
708750,1.50037e+08
709000,1.50305e+08
709250,1.82177e+08
709500,1.4813e+08
709750,1.47474e+08
710000,2.0053e+08
710250,2.07479e+08
710500,1.70741e+08
710750,1.54477e+08
711000,1.49368e+08
711250,1.49707e+08
711500,1.65015e+08
711750,2.07438e+08
712000,2.09801e+08
712250,1.59013e+08
712500,1.78671e+08
712750,1.72049e+08
713000,1.88977e+08
713250,1.48962e+08
713500,1.49966e+08
713750,1.79657e+08
714000,1.93885e+08
714250,1.50483e+08
714500,1.82203e+08
714750,2.09641e+08
715000,2.08521e+08
715250,2.06086e+08
715500,2.07085e+08
715750,1.92371e+08
716000,1.48398e+08
716250,2.01891e+08
716500,2.07005e+08
716750,1.85709e+08
717000,1.49355e+08
717250,1.50421e+08
717500,1.49074e+08
717750,1.70704e+08
718000,1.76181e+08
718250,1.47583e+08
718500,1.5104e+08
718750,1.72127e+08
719000,1.75173e+08
719250,1.51797e+08
719500,1.511e+08
719750,1.99478e+08
720000,1.51343e+08
720250,1.8882e+08
720500,1.68781e+08
720750,1.76536e+08
721000,2.05278e+08
721250,1.99477e+08
721500,1.8234e+08
721750,2.10934e+08
722000,1.59286e+08
722250,1.51759e+08
722500,1.741e+08
722750,1.6172e+08
723000,2.05724e+08
723250,1.78892e+08
723500,1.90407e+08
723750,1.52774e+08
724000,1.51002e+08
724250,1.84998e+08
724500,2.11498e+08
724750,2.13917e+08
725000,1.79782e+08
725250,1.5233e+08
725500,1.97156e+08
725750,1.86726e+08
726000,1.58142e+08
726250,1.58056e+08
726500,1.54647e+08
726750,1.56159e+08
727000,1.52785e+08
727250,1.50823e+08
727500,2.14255e+08
727750,1.53823e+08
728000,1.52286e+08
728250,1.5272e+08
728500,1.54246e+08
728750,1.88771e+08
729000,2.11049e+08
729250,1.90328e+08
729500,2.00877e+08
729750,2.16132e+08
730000,2.14102e+08
730250,2.02432e+08
730500,2.09622e+08
730750,2.16254e+08
731000,2.01192e+08
731250,1.54699e+08
731500,1.55483e+08
731750,2.1783e+08
732000,2.17405e+08
732250,1.67295e+08
732500,1.64526e+08
732750,1.55219e+08
733000,2.04232e+08
733250,1.8411e+08
733500,2.18014e+08
733750,1.54235e+08
734000,2.0207e+08
734250,2.11491e+08
734500,2.12702e+08
734750,1.71273e+08
735000,1.7413e+08
735250,1.56165e+08
735500,1.56141e+08
735750,1.93574e+08
736000,1.54955e+08
736250,1.56559e+08
736500,1.5542e+08
736750,1.56721e+08
737000,1.59949e+08
737250,1.56655e+08
737500,1.55049e+08
737750,1.84614e+08
738000,2.01952e+08
738250,2.12659e+08
738500,2.15311e+08
738750,1.53145e+08
739000,1.57963e+08
739250,1.59316e+08
739500,2.14738e+08
739750,1.8907e+08
740000,1.55669e+08
740250,1.63504e+08
740500,2.10681e+08
740750,2.17845e+08
741000,1.78301e+08
741250,2.19841e+08
741500,1.65261e+08
741750,1.71266e+08
742000,1.94767e+08
742250,1.54508e+08
742500,1.55157e+08
742750,1.56455e+08
743000,1.57599e+08
743250,1.56153e+08
743500,1.59393e+08
743750,1.59068e+08
744000,1.58145e+08
744250,1.56886e+08
744500,1.94035e+08
744750,1.78994e+08
745000,1.72263e+08
745250,1.5806e+08
745500,1.56846e+08
745750,1.63315e+08
746000,1.54359e+08
746250,1.54903e+08
746500,1.55577e+08
746750,1.54431e+08
747000,1.55523e+08
747250,1.54916e+08
747500,1.55997e+08
747750,1.53637e+08
748000,1.54786e+08
748250,1.54736e+08
748500,1.69094e+08
748750,1.54609e+08
749000,1.55497e+08
749250,1.55159e+08
749500,1.55182e+08
749750,1.54618e+08
750000,1.70609e+08
750250,1.54238e+08
750500,1.54448e+08
750750,1.55488e+08
751000,1.55622e+08
751250,1.55449e+08
751500,1.65032e+08
751750,1.54228e+08
752000,1.99591e+08
752250,1.68429e+08
752500,1.55403e+08
752750,1.78193e+08
753000,1.5647e+08
753250,1.77424e+08
753500,1.59524e+08
753750,1.59232e+08
754000,2.17658e+08
754250,1.83911e+08
754500,2.09291e+08
754750,1.76051e+08
755000,2.21969e+08
755250,1.60929e+08
755500,1.9235e+08
755750,2.18339e+08
756000,2.22189e+08
756250,1.97054e+08
756500,1.79921e+08
756750,1.97574e+08
757000,2.15208e+08
757250,1.99062e+08
757500,1.98247e+08
757750,2.00773e+08
758000,2.06874e+08
758250,2.09161e+08
758500,2.14129e+08
758750,1.87231e+08
759000,1.97681e+08
759250,2.18329e+08
759500,2.23242e+08
759750,1.60499e+08
760000,1.82896e+08
760250,2.0747e+08
760500,1.76166e+08
760750,2.16947e+08
761000,2.06775e+08
761250,2.15035e+08
761500,2.01265e+08
761750,1.95431e+08
762000,1.63057e+08
762250,1.86634e+08
762500,1.61887e+08
762750,1.6215e+08
763000,2.15909e+08
763250,1.91998e+08
763500,1.89169e+08
763750,1.59983e+08
764000,2.10131e+08
764250,2.09716e+08
764500,1.97075e+08
764750,1.62851e+08
765000,1.65438e+08
765250,2.19847e+08
765500,2.24459e+08
765750,1.89469e+08
766000,1.6077e+08
766250,2.19097e+08
766500,2.13461e+08
766750,1.59081e+08
767000,1.71633e+08
767250,1.61948e+08
767500,1.69901e+08
767750,1.96504e+08
768000,1.6528e+08
768250,1.98321e+08
768500,1.82818e+08
768750,2.09837e+08
769000,2.27332e+08
769250,1.67086e+08
769500,1.82823e+08
769750,2.32455e+08
770000,1.71718e+08
770250,1.65345e+08
770500,2.23363e+08
770750,2.26996e+08
771000,1.70104e+08
771250,1.63973e+08
771500,1.59772e+08
771750,1.58553e+08
772000,1.59752e+08
772250,1.59535e+08
772500,1.6326e+08
772750,1.62066e+08
773000,1.63804e+08
773250,1.62048e+08
773500,1.69979e+08
773750,1.63454e+08
774000,1.62661e+08
774250,1.85342e+08
774500,1.68145e+08
774750,1.59386e+08
775000,1.58066e+08
775250,1.59661e+08
775500,1.60015e+08
775750,1.99481e+08
776000,1.99142e+08
776250,1.59055e+08
776500,1.74088e+08
776750,1.59776e+08
777000,1.92033e+08
777250,2.19012e+08
777500,2.13675e+08
777750,1.85059e+08
778000,1.59961e+08
778250,1.60075e+08
778500,2.23795e+08
778750,2.00948e+08
779000,1.78562e+08
779250,1.59818e+08
779500,1.61152e+08
779750,1.58858e+08
780000,1.73189e+08
780250,1.87392e+08
780500,2.0291e+08
780750,1.61517e+08
781000,1.60997e+08
781250,1.65856e+08
781500,1.66423e+08
781750,1.78728e+08
782000,2.07002e+08
782250,1.7072e+08
782500,1.61669e+08
782750,1.60916e+08
783000,1.62432e+08
783250,1.61955e+08
783500,1.61043e+08
783750,1.58849e+08
784000,1.60557e+08
784250,1.61168e+08
784500,1.61143e+08
784750,2.08712e+08
785000,2.25325e+08
785250,1.61574e+08
785500,2.13648e+08
785750,2.26569e+08
786000,2.26006e+08
786250,1.88979e+08
786500,1.61304e+08
786750,1.6171e+08
787000,1.61332e+08
787250,1.61865e+08
787500,1.61481e+08
787750,1.60271e+08
788000,1.61558e+08
788250,1.6209e+08
788500,2.24031e+08
788750,1.61667e+08
789000,1.61555e+08
789250,1.86937e+08
789500,2.02259e+08
789750,1.63531e+08
790000,1.71404e+08
790250,1.98708e+08
790500,1.81263e+08
790750,1.87877e+08
791000,1.78124e+08
791250,1.62482e+08
791500,2.18951e+08
791750,2.04683e+08
792000,1.63898e+08
792250,1.61569e+08
792500,1.62668e+08
792750,1.67444e+08
793000,1.64749e+08
793250,1.63563e+08
793500,1.65009e+08
793750,1.63284e+08
794000,1.6295e+08
794250,1.63257e+08
794500,1.64963e+08
794750,1.72155e+08
795000,1.767e+08
795250,1.63587e+08
795500,1.7523e+08
795750,2.24869e+08
796000,2.25589e+08
796250,2.27342e+08
796500,1.69414e+08
796750,1.64437e+08
797000,1.64727e+08
797250,1.6449e+08
797500,1.65963e+08
797750,1.62791e+08
798000,1.65533e+08
798250,1.64118e+08
798500,1.64421e+08
798750,1.65081e+08
799000,1.77167e+08
799250,2.24564e+08
799500,2.2087e+08
799750,1.62719e+08
800000,1.63755e+08
800250,1.77528e+08
800500,1.62627e+08
800750,1.64242e+08
801000,1.62202e+08
801250,1.99535e+08
801500,1.96364e+08
801750,1.64896e+08
802000,1.65305e+08
802250,1.67162e+08
802500,2.09459e+08
802750,2.26799e+08
803000,2.26419e+08
803250,1.97753e+08
803500,1.88708e+08
803750,2.27393e+08
804000,2.25927e+08
804250,2.27431e+08
804500,1.68336e+08
804750,1.84538e+08
805000,1.67192e+08
805250,1.64622e+08
805500,2.19733e+08
805750,1.82813e+08
806000,2.11002e+08
806250,2.15375e+08
806500,1.65888e+08
806750,2.10384e+08
807000,1.6476e+08
807250,1.66309e+08
807500,1.70774e+08
807750,1.67764e+08
808000,1.68276e+08
808250,2.09524e+08
808500,1.66833e+08
808750,1.99047e+08
809000,1.6708e+08
809250,1.66618e+08
809500,1.67838e+08
809750,1.6539e+08
810000,1.68642e+08
810250,1.65861e+08
810500,1.64562e+08
810750,1.65253e+08
811000,1.6481e+08
811250,1.66604e+08
811500,1.66825e+08
811750,1.8663e+08
812000,2.06473e+08
812250,1.67312e+08
812500,1.66812e+08
812750,1.67921e+08
813000,1.67263e+08
813250,1.77083e+08
813500,2.34988e+08
813750,1.98761e+08
814000,1.67332e+08
814250,1.67501e+08
814500,1.69011e+08
814750,1.65237e+08
815000,1.66893e+08
815250,1.67192e+08
815500,1.68751e+08
815750,1.66206e+08
816000,1.68343e+08
816250,1.68641e+08
816500,2.24218e+08
816750,1.6574e+08
817000,1.68669e+08
817250,1.67527e+08
817500,2.2765e+08
817750,2.30142e+08
818000,1.85511e+08
818250,1.67611e+08
818500,1.78906e+08
818750,2.31329e+08
819000,1.78085e+08
819250,1.67615e+08
819500,1.95656e+08
819750,2.16615e+08
820000,1.67903e+08
820250,1.71034e+08
820500,1.66956e+08
820750,1.68531e+08
821000,1.69012e+08
821250,1.67534e+08
821500,1.70806e+08
821750,1.68228e+08
822000,1.67189e+08
822250,1.67416e+08
822500,2.2641e+08
822750,2.36214e+08
823000,1.83843e+08
823250,2.1822e+08
823500,2.0695e+08
823750,1.69356e+08
824000,1.69923e+08
824250,1.70345e+08
824500,2.22836e+08
824750,2.33774e+08
825000,2.33026e+08
825250,1.88386e+08
825500,1.87738e+08
825750,1.70635e+08
826000,1.69546e+08
826250,1.69173e+08
826500,2.08822e+08
826750,1.70918e+08
827000,1.69286e+08
827250,1.69515e+08
827500,1.68071e+08
827750,1.75699e+08
828000,1.69734e+08
828250,1.7029e+08
828500,1.81087e+08
828750,2.32418e+08
829000,2.3401e+08
829250,2.34587e+08
829500,1.78501e+08
829750,1.70631e+08
830000,1.83087e+08
830250,1.88672e+08
830500,1.69832e+08
830750,2.34703e+08
831000,2.34504e+08
831250,1.91575e+08
831500,1.70972e+08
831750,1.69489e+08
832000,1.70893e+08
832250,1.71463e+08
832500,1.71131e+08
832750,1.71416e+08
833000,1.70248e+08
833250,1.74304e+08
833500,1.71856e+08
833750,1.6994e+08
834000,1.71746e+08
834250,2.22736e+08
834500,1.86607e+08
834750,1.70425e+08
835000,1.71385e+08
835250,2.1159e+08
835500,2.06025e+08
835750,1.82055e+08
836000,1.74823e+08
836250,2.32105e+08
836500,1.74616e+08
836750,1.72544e+08
837000,1.72764e+08
837250,1.73289e+08
837500,1.7386e+08
837750,2.23882e+08
838000,1.95392e+08
838250,1.735e+08
838500,1.73286e+08
838750,1.72733e+08
839000,1.72902e+08
839250,1.72541e+08
839500,1.73099e+08
839750,1.91748e+08
840000,2.13037e+08
840250,1.72037e+08
840500,1.85446e+08
840750,1.80473e+08
841000,1.71903e+08
841250,1.70488e+08
841500,1.73441e+08
841750,1.74136e+08
842000,2.08531e+08
842250,2.42481e+08
842500,2.02148e+08
842750,1.71911e+08
843000,1.71551e+08
843250,1.73827e+08
843500,1.73383e+08
843750,1.75913e+08
844000,1.74544e+08
844250,1.75242e+08
844500,1.74321e+08
844750,1.73539e+08
845000,1.73788e+08
845250,1.77529e+08
845500,1.76053e+08
845750,1.73911e+08
846000,1.73399e+08
846250,1.7486e+08
846500,1.75136e+08
846750,1.78283e+08
847000,1.73843e+08
847250,1.73875e+08
847500,1.73667e+08
847750,1.74275e+08
848000,1.747e+08
848250,1.72777e+08
848500,1.73837e+08
848750,1.75252e+08
849000,1.74425e+08
849250,1.75222e+08
849500,1.94688e+08
849750,1.74369e+08
850000,1.75404e+08
850250,2.43257e+08
850500,2.2746e+08
850750,1.74204e+08
851000,1.75509e+08
851250,1.76778e+08
851500,1.75203e+08
851750,1.83533e+08
852000,1.73907e+08
852250,1.75661e+08
852500,1.74964e+08
852750,1.7535e+08
853000,1.76332e+08
853250,1.77394e+08
853500,1.7719e+08
853750,1.74736e+08
854000,1.76324e+08
854250,1.74172e+08
854500,1.77493e+08
854750,1.76213e+08
855000,1.76556e+08
855250,1.75046e+08
855500,1.76249e+08
855750,2.44036e+08
856000,1.73734e+08
856250,1.75898e+08
856500,1.78546e+08
856750,2.08464e+08
857000,2.43059e+08
857250,1.75345e+08
857500,2.32733e+08
857750,1.78088e+08
858000,1.75323e+08
858250,1.7605e+08
858500,1.77434e+08
858750,2.08293e+08
859000,2.00217e+08
859250,2.47962e+08
859500,2.46911e+08
859750,1.75e+08
860000,1.78041e+08
860250,1.79045e+08
860500,1.77871e+08
860750,1.76295e+08
861000,1.76366e+08
861250,1.76117e+08
861500,2.45308e+08
861750,2.43365e+08
862000,1.97947e+08
862250,1.76611e+08
862500,2.40267e+08
862750,2.44472e+08
863000,1.87649e+08
863250,1.78572e+08
863500,2.01212e+08
863750,2.30516e+08
864000,1.7768e+08
864250,2.44822e+08
864500,2.22143e+08
864750,1.82779e+08
865000,1.85012e+08
865250,1.80184e+08
865500,1.80542e+08
865750,1.83867e+08
866000,1.8159e+08
866250,2.04082e+08
866500,1.78887e+08
866750,2.29656e+08
867000,1.81555e+08
867250,1.81628e+08
867500,1.80053e+08
867750,1.80664e+08
868000,2.14053e+08
868250,1.81713e+08
868500,1.83749e+08
868750,1.97699e+08
869000,1.84263e+08
869250,1.82492e+08
869500,1.84515e+08
869750,1.84299e+08
870000,1.82175e+08
870250,1.8983e+08
870500,1.89311e+08
870750,1.85698e+08
871000,1.8508e+08
871250,1.83393e+08
871500,1.85321e+08
871750,2.03225e+08
872000,2.52795e+08
872250,1.81319e+08
872500,1.84665e+08
872750,1.85998e+08
873000,1.82619e+08
873250,1.82452e+08
873500,1.94406e+08
873750,2.52955e+08
874000,2.00845e+08
874250,1.81647e+08
874500,1.79686e+08
874750,1.80554e+08
875000,1.81642e+08
875250,1.88239e+08
875500,1.95202e+08
875750,1.7998e+08
876000,1.81065e+08
876250,1.80978e+08
876500,1.80736e+08
876750,1.83619e+08
877000,1.80032e+08
877250,1.92293e+08
877500,1.86233e+08
877750,1.84017e+08
878000,1.82747e+08
878250,1.80822e+08
878500,1.80868e+08
878750,1.85226e+08
879000,1.82921e+08
879250,1.82899e+08
879500,1.81399e+08
879750,1.83306e+08
880000,1.84148e+08
880250,1.88444e+08
880500,2.51911e+08
880750,2.60404e+08
881000,1.85997e+08
881250,2.56933e+08
881500,2.03802e+08
881750,1.89309e+08
882000,1.88198e+08
882250,2.18412e+08
882500,1.93645e+08
882750,2.53775e+08
883000,2.53004e+08
883250,1.86598e+08
883500,2.01543e+08
883750,2.23291e+08
884000,2.08089e+08
884250,2.2462e+08
884500,1.8471e+08
884750,1.84454e+08
885000,1.8577e+08
885250,1.84995e+08
885500,2.20551e+08
885750,2.08082e+08
886000,1.85904e+08
886250,1.86562e+08
886500,1.90783e+08
886750,1.8818e+08
887000,1.86141e+08
887250,1.86453e+08
887500,2.1591e+08
887750,2.02952e+08
888000,1.91778e+08
888250,2.10528e+08
888500,2.2887e+08
888750,1.92956e+08
889000,1.85394e+08
889250,1.92692e+08
889500,1.91116e+08
889750,2.58465e+08
890000,2.3629e+08
890250,2.21317e+08
890500,2.10261e+08
890750,1.8437e+08
891000,2.1987e+08
891250,2.03788e+08
891500,1.88658e+08
891750,1.86963e+08
892000,1.88326e+08
892250,2.24789e+08
892500,2.06646e+08
892750,1.8749e+08
893000,2.19256e+08
893250,2.62372e+08
893500,1.88835e+08
893750,2.31565e+08
894000,2.20437e+08
894250,2.52206e+08
894500,2.04491e+08
894750,1.86591e+08
895000,1.97927e+08
895250,2.63624e+08
895500,2.41982e+08
895750,1.84653e+08
896000,1.85013e+08
896250,2.18052e+08
896500,2.54046e+08
896750,2.68617e+08
897000,2.61022e+08
897250,2.36357e+08
897500,2.39289e+08
897750,1.94317e+08
898000,1.87757e+08
898250,1.96113e+08
898500,1.91184e+08
898750,1.89361e+08
899000,1.87242e+08
899250,1.89932e+08
899500,1.87799e+08
899750,1.86576e+08
900000,1.86159e+08
900250,1.87645e+08
900500,1.8624e+08
900750,1.85282e+08
901000,1.86685e+08
901250,1.86597e+08
901500,1.8839e+08
901750,1.87189e+08
902000,1.89496e+08
902250,1.87244e+08
902500,2.14702e+08
902750,1.89127e+08
903000,1.88139e+08
903250,1.88767e+08
903500,1.8394e+08
903750,2.57813e+08
904000,2.56724e+08
904250,1.88846e+08
904500,1.87286e+08
904750,1.89956e+08
905000,1.85475e+08
905250,1.87003e+08
905500,1.87381e+08
905750,2.22972e+08
906000,1.89735e+08
906250,1.86757e+08
906500,1.96062e+08
906750,2.58983e+08
907000,2.2852e+08
907250,1.88914e+08
907500,1.87563e+08
907750,1.88201e+08
908000,1.88508e+08
908250,1.88157e+08
908500,1.88143e+08
908750,1.86818e+08
909000,1.90061e+08
909250,1.88555e+08
909500,1.87769e+08
909750,1.89398e+08
910000,1.87575e+08
910250,1.88611e+08
910500,1.91804e+08
910750,1.87392e+08
911000,1.88826e+08
911250,1.8859e+08
911500,1.89679e+08
911750,1.90048e+08
912000,1.91956e+08
912250,1.8997e+08
912500,1.92598e+08
912750,1.96892e+08
913000,1.98701e+08
913250,1.9685e+08
913500,1.91444e+08
913750,1.97424e+08
914000,2.71842e+08
914250,1.90068e+08
914500,1.90365e+08
914750,1.91096e+08
915000,1.90327e+08
915250,1.90678e+08
915500,2.54956e+08
915750,2.63066e+08
916000,1.92881e+08
916250,1.92885e+08
916500,2.16619e+08
916750,1.93725e+08
917000,1.97914e+08
917250,2.46861e+08
917500,1.95823e+08
917750,2.24381e+08
918000,2.35217e+08
918250,2.38647e+08
918500,2.21536e+08
918750,2.41633e+08
919000,2.29193e+08
919250,2.66451e+08
919500,1.99095e+08
919750,2.16739e+08
920000,2.22623e+08
920250,1.91097e+08
920500,2.05019e+08
920750,1.93273e+08
921000,1.91606e+08
921250,1.93684e+08
921500,1.91941e+08
921750,1.91804e+08
922000,1.97185e+08
922250,2.03792e+08
922500,2.65125e+08
922750,2.33212e+08
923000,1.96143e+08
923250,1.94168e+08
923500,2.15211e+08
923750,2.65388e+08
924000,2.01789e+08
924250,2.12727e+08
924500,2.02143e+08
924750,2.11521e+08
925000,2.55389e+08
925250,2.44873e+08
925500,1.9396e+08
925750,1.95072e+08
926000,1.9595e+08
926250,1.94537e+08
926500,1.96874e+08
926750,1.96227e+08
927000,1.94413e+08
927250,1.93948e+08
927500,2.00236e+08
927750,2.42949e+08
928000,2.47357e+08
928250,1.95359e+08
928500,1.96544e+08
928750,1.99635e+08
929000,1.97635e+08
929250,1.95139e+08
929500,2.58585e+08
929750,2.65487e+08
930000,2.06814e+08
930250,1.97103e+08
930500,1.95009e+08
930750,1.96364e+08
931000,1.94191e+08
931250,1.98791e+08
931500,2.05442e+08
931750,2.0721e+08
932000,2.25037e+08
932250,2.46132e+08
932500,2.16043e+08
932750,2.03171e+08
933000,2.03809e+08
933250,1.94965e+08
933500,1.94402e+08
933750,2.42796e+08
934000,2.05157e+08
934250,1.97838e+08
934500,2.20227e+08
934750,2.07204e+08
935000,2.05629e+08
935250,2.21891e+08
935500,2.15049e+08
935750,2.2248e+08
936000,1.9963e+08
936250,2.734e+08
936500,2.72583e+08
936750,2.25624e+08
937000,2.03822e+08
937250,2.10335e+08
937500,2.19041e+08
937750,2.37436e+08
938000,2.1055e+08
938250,2.68819e+08
938500,2.31902e+08
938750,1.97705e+08
939000,2.14418e+08
939250,1.98255e+08
939500,2.00607e+08
939750,2.34939e+08
940000,2.20855e+08
940250,2.00082e+08
940500,1.98791e+08
940750,1.98437e+08
941000,1.99164e+08
941250,2.17131e+08
941500,2.05782e+08
941750,2.30622e+08
942000,1.99723e+08
942250,2.00702e+08
942500,2.22482e+08
942750,2.7184e+08
943000,2.7154e+08
943250,2.20795e+08
943500,2.57676e+08
943750,2.01994e+08
944000,1.95763e+08
944250,2.12897e+08
944500,1.98941e+08
944750,1.95064e+08
945000,1.97679e+08
945250,1.98111e+08
945500,1.99463e+08
945750,2.72015e+08
946000,2.34415e+08
946250,1.96999e+08
946500,2.29719e+08
946750,2.58277e+08
947000,1.96985e+08
947250,1.98108e+08
947500,2.30602e+08
947750,2.03165e+08
948000,2.00929e+08
948250,1.97219e+08
948500,1.97206e+08
948750,2.04363e+08
949000,1.98361e+08
949250,1.97311e+08
949500,2.74412e+08
949750,2.22498e+08
950000,1.96191e+08
950250,1.9706e+08
950500,1.98434e+08
950750,1.97116e+08
951000,1.96565e+08
951250,1.95731e+08
951500,2.55467e+08
951750,2.73642e+08
952000,2.39153e+08
952250,2.73232e+08
952500,2.00403e+08
952750,1.99754e+08
953000,2.07331e+08
953250,2.77715e+08
953500,2.7787e+08
953750,1.9984e+08
954000,1.9852e+08
954250,2.00396e+08
954500,1.98347e+08
954750,1.99389e+08
955000,1.98951e+08
955250,1.97235e+08
955500,2.06363e+08
955750,1.98405e+08
956000,2.31364e+08
956250,2.44076e+08
956500,2.5325e+08
956750,2.02037e+08
957000,2.10526e+08
957250,2.03294e+08
957500,1.99862e+08
957750,1.99786e+08
958000,2.00181e+08
958250,1.9959e+08
958500,2.02119e+08
958750,2.03505e+08
959000,2.72629e+08
959250,2.00103e+08
959500,2.03492e+08
959750,2.20673e+08
960000,2.08389e+08
960250,2.00064e+08
960500,2.02263e+08
960750,2.00283e+08
961000,2.79713e+08
961250,2.66799e+08
961500,1.99578e+08
961750,1.99106e+08
962000,2.01023e+08
962250,2.0478e+08
962500,2.00637e+08
962750,2.00651e+08
963000,2.02059e+08
963250,2.02342e+08
963500,2.01421e+08
963750,2.61145e+08
964000,2.75909e+08
964250,2.65417e+08
964500,2.01526e+08
964750,2.02974e+08
965000,2.02872e+08
965250,2.11268e+08
965500,2.0213e+08
965750,2.04222e+08
966000,2.73206e+08
966250,2.63527e+08
966500,2.8089e+08
966750,2.28405e+08
967000,2.02982e+08
967250,2.34322e+08
967500,2.02366e+08
967750,2.05243e+08
968000,2.29917e+08
968250,2.57825e+08
968500,2.50397e+08
968750,2.84547e+08
969000,2.25534e+08
969250,2.08944e+08
969500,2.01092e+08
969750,2.04529e+08
970000,2.16598e+08
970250,2.03553e+08
970500,2.02862e+08
970750,2.30864e+08
971000,2.19732e+08
971250,2.12056e+08
971500,2.02417e+08
971750,2.02375e+08
972000,2.02769e+08
972250,2.05133e+08
972500,2.03054e+08
972750,2.25613e+08
973000,2.02181e+08
973250,2.02701e+08
973500,2.00195e+08
973750,2.05243e+08
974000,2.04546e+08
974250,2.02656e+08
974500,2.05922e+08
974750,2.02704e+08
975000,2.06312e+08
975250,2.03054e+08
975500,2.05401e+08
975750,2.06354e+08
976000,2.04365e+08
976250,2.06238e+08
976500,2.06326e+08
976750,2.03996e+08
977000,2.04174e+08
977250,2.2151e+08
977500,2.05619e+08
977750,2.0528e+08
978000,2.02382e+08
978250,2.00952e+08
978500,2.13868e+08
978750,2.04453e+08
979000,2.03687e+08
979250,2.07342e+08
979500,2.22191e+08
979750,2.84026e+08
980000,2.46325e+08
980250,2.04831e+08
980500,2.08384e+08
980750,2.36632e+08
981000,2.05869e+08
981250,2.06387e+08
981500,2.07511e+08
981750,2.18389e+08
982000,2.05143e+08
982250,2.0493e+08
982500,2.04731e+08
982750,2.05409e+08
983000,2.08925e+08
983250,2.05895e+08
983500,2.07912e+08
983750,2.09871e+08
984000,2.29909e+08
984250,2.06829e+08
984500,2.52387e+08
984750,2.65629e+08
985000,2.05978e+08
985250,2.07081e+08
985500,2.07208e+08
985750,2.04441e+08
986000,2.04102e+08
986250,2.06407e+08
986500,2.07715e+08
986750,2.08407e+08
987000,2.094e+08
987250,2.04543e+08
987500,2.05843e+08
987750,2.0631e+08
988000,2.03764e+08
988250,2.05995e+08
988500,2.07827e+08
988750,2.06871e+08
989000,2.0641e+08
989250,2.07568e+08
989500,2.08899e+08
989750,2.05244e+08
990000,2.06812e+08
990250,2.07648e+08
990500,2.27523e+08
990750,2.06969e+08
991000,2.41661e+08
991250,2.9189e+08
991500,2.33827e+08
991750,2.09524e+08
992000,2.08031e+08
992250,2.13292e+08
992500,2.17772e+08
992750,2.89888e+08
993000,2.52377e+08
993250,2.06054e+08
993500,2.07818e+08
993750,2.07432e+08
994000,2.05904e+08
994250,2.07147e+08
994500,2.08918e+08
994750,2.03259e+08
995000,2.0446e+08
995250,2.11085e+08
995500,2.15091e+08
995750,2.09461e+08
996000,2.07812e+08
996250,2.09756e+08
996500,2.17782e+08
996750,2.10002e+08
997000,2.07603e+08
997250,2.08627e+08
997500,2.09488e+08
997750,2.12062e+08
998000,2.3579e+08
998250,2.4027e+08
998500,2.07155e+08
998750,2.1311e+08
999000,2.0915e+08
999250,2.09984e+08
999500,2.10062e+08
999750,2.10886e+08
1000000,2.10042e+08
